path,class,status,exclusion_reasons,md5,min_dim
/kaggle/input/datasets/alisofiya/conjunctivitis/Dataset/healthy_eye/1.jpg,Non_Conjunctivitis,RETAINED,None,eeb055ec537353933721121c05583411,183
/kaggle/input/datasets/alisofiya/conjunctivitis/Dataset/healthy_eye/10.jpg,Non_Conjunctivitis,RETAINED,None,95a0726f687318d0dd38e9d30b65c560,480
/kaggle/input/datasets/alisofiya/conjunctivitis/Dataset/healthy_eye/100.jpg,Non_Conjunctivitis,RETAINED,None,cd352f38fedbaae97e09bce2d093154f,666
/kaggle/input/datasets/alisofiya/conjunctivitis/Dataset/healthy_eye/101.jpg,Non_Conjunctivitis,RETAINED,None,8848e15fd0255bf9713121c37de4339b,1609
/kaggle/input/datasets/alisofiya/conjunctivitis/Dataset/healthy_eye/102.jpg,Non_Conjunctivitis,RETAINED,None,07c720241dd7e6b8c1cb1a5362566981,206
/kaggle/input/datasets/alisofiya/conjunctivitis/Dataset/healthy_eye/103.jpg,Non_Conjunctivitis,RETAINED,None,339db6e8c0fcdac1a63e7cf0973baad1,592
/kaggle/input/datasets/alisofiya/conjunctivitis/Dataset/healthy_eye/104.jpg,Non_Conjunctivitis,RETAINED,None,204e8606dc7f2862bcd06248918f2e5a,194
/kaggle/input/datasets/alisofiya/conjunctivitis/Dataset/healthy_eye/105.jpg,Non_Conjunctivitis,RETAINED,None,e40ce1167643bdd18e184adec53c7be3,480
/kaggle/input/datasets/alisofiya/conjunctivitis/Dataset/healthy_eye/106.jpg,Non_Conjunctivitis,RETAINED,None,4fa8b5a4e1b3941770801136c964063e,394
/kaggle/input/datasets/alisofiya/conjunctivitis/Dataset/healthy_eye/107.jpg,Non_Conjunctivitis,RETAINED,None,fa5c3dff37751de5e6033044bc1eb92c,587
/kaggle/input/datasets/alisofiya/conjunctivitis/Dataset/healthy_eye/108.jpg,Non_Conjunctivitis,RETAINED,None,8aea011024a61fe60cf3070e2c5af81b,279
/kaggle/input/datasets/alisofiya/conjunctivitis/Dataset/healthy_eye/109.jpg,Non_Conjunctivitis,RETAINED,None,6e33e0bff05ea4073d6b5e3b14a9eba8,957
/kaggle/input/datasets/alisofiya/conjunctivitis/Dataset/healthy_eye/11.jpg,Non_Conjunctivitis,RETAINED,None,53a1ee36fab5ddeffa259669c3197892,394
/kaggle/input/datasets/alisofiya/conjunctivitis/Dataset/healthy_eye/110.jpg,Non_Conjunctivitis,RETAINED,None,900dc0dca1bd8d0b0c4b4580aa44eb71,575
/kaggle/input/datasets/alisofiya/conjunctivitis/Dataset/healthy_eye/111.jpg,Non_Conjunctivitis,RETAINED,None,74f182de2a0d5acdd920e5b68312e8c6,1280
/kaggle/input/datasets/alisofiya/conjunctivitis/Dataset/healthy_eye/112.jpg,Non_Conjunctivitis,RETAINED,None,5dc38f51fdaf8ad221de7bcdd674003c,1078
/kaggle/input/datasets/alisofiya/conjunctivitis/Dataset/healthy_eye/113.jpg,Non_Conjunctivitis,RETAINED,None,8d0477b8286c1af00e80be668118625f,400
/kaggle/input/datasets/alisofiya/conjunctivitis/Dataset/healthy_eye/114.jpg,Non_Conjunctivitis,RETAINED,None,273a71b027504005f87ac91392554289,183
/kaggle/input/datasets/alisofiya/conjunctivitis/Dataset/healthy_eye/115.jpg,Non_Conjunctivitis,RETAINED,None,7aaedf575338e743113b0c95cf760b08,2549
/kaggle/input/datasets/alisofiya/conjunctivitis/Dataset/healthy_eye/116.jpg,Non_Conjunctivitis,RETAINED,None,207c2a7926f003bbbce6cf7bde5d267f,1177
/kaggle/input/datasets/alisofiya/conjunctivitis/Dataset/healthy_eye/117.jpg,Non_Conjunctivitis,RETAINED,None,10a4956c44b9ad2d6f6207c13f0b5651,407
/kaggle/input/datasets/alisofiya/conjunctivitis/Dataset/healthy_eye/118.jpg,Non_Conjunctivitis,RETAINED,None,9ee5dcbdeb4ade31a6d7204df64a504b,168
/kaggle/input/datasets/alisofiya/conjunctivitis/Dataset/healthy_eye/119.jpg,Non_Conjunctivitis,RETAINED,None,42dc048cf039d22cbb7eea1a9475188e,228
/kaggle/input/datasets/alisofiya/conjunctivitis/Dataset/healthy_eye/12.jpg,Non_Conjunctivitis,RETAINED,None,50b153fc32376102b272a3287088edea,587
/kaggle/input/datasets/alisofiya/conjunctivitis/Dataset/healthy_eye/120.jpg,Non_Conjunctivitis,RETAINED,None,5e6461fa88177c2b03bf5f2a61acff66,224
/kaggle/input/datasets/alisofiya/conjunctivitis/Dataset/healthy_eye/121.jpg,Non_Conjunctivitis,RETAINED,None,b182680477ace2235f78bb529b3faedb,232
/kaggle/input/datasets/alisofiya/conjunctivitis/Dataset/healthy_eye/122.jpg,Non_Conjunctivitis,RETAINED,None,c5fb0aa549114b248e6a23d6f9f6695e,667
/kaggle/input/datasets/alisofiya/conjunctivitis/Dataset/healthy_eye/123.jpeg,Non_Conjunctivitis,EXCLUDED,pHash_or_Conflict,58b0aa7b480530c5f09df8e85a8812c8,183
/kaggle/input/datasets/alisofiya/conjunctivitis/Dataset/healthy_eye/124.jpg,Non_Conjunctivitis,RETAINED,None,e65edf7a411c002e0f5dfcb02c5b5253,408
/kaggle/input/datasets/alisofiya/conjunctivitis/Dataset/healthy_eye/125.jpeg,Non_Conjunctivitis,RETAINED,None,180b731b8e9cc6d01397ca881377cef1,337
/kaggle/input/datasets/alisofiya/conjunctivitis/Dataset/healthy_eye/126.jpeg,Non_Conjunctivitis,RETAINED,None,8da3dca2d7d3bcb8a7fb4c0842e37a51,183
/kaggle/input/datasets/alisofiya/conjunctivitis/Dataset/healthy_eye/127.jpeg,Non_Conjunctivitis,RETAINED,None,8164a32e68fcc831d9c7c925ea270bc3,183
/kaggle/input/datasets/alisofiya/conjunctivitis/Dataset/healthy_eye/128.jpg,Non_Conjunctivitis,RETAINED,None,4310bf558924c40f9e10ac67e0a9047e,480
/kaggle/input/datasets/alisofiya/conjunctivitis/Dataset/healthy_eye/129.jpeg,Non_Conjunctivitis,RETAINED,None,1c71c028842f92bf17f1572de2a63946,194
/kaggle/input/datasets/alisofiya/conjunctivitis/Dataset/healthy_eye/13.jpg,Non_Conjunctivitis,RETAINED,None,67d9dd54468305e582637cb833cc6d80,279
/kaggle/input/datasets/alisofiya/conjunctivitis/Dataset/healthy_eye/130.jpg,Non_Conjunctivitis,RETAINED,None,23fb721606359ceb27ef2c751d26758f,427
/kaggle/input/datasets/alisofiya/conjunctivitis/Dataset/healthy_eye/131.jpg,Non_Conjunctivitis,RETAINED,None,791994854ff434f7564befdf256b5b73,2000
/kaggle/input/datasets/alisofiya/conjunctivitis/Dataset/healthy_eye/132.jpeg,Non_Conjunctivitis,RETAINED,None,406e886b2591e5ddc0e9c35980c93102,183
/kaggle/input/datasets/alisofiya/conjunctivitis/Dataset/healthy_eye/133.jpg,Non_Conjunctivitis,RETAINED,None,67a4ebf7e99cd74d2135a13174e57e8e,399
/kaggle/input/datasets/alisofiya/conjunctivitis/Dataset/healthy_eye/134.jpg,Non_Conjunctivitis,RETAINED,None,7fe933c58e9dd18979d86a749534dbff,729
/kaggle/input/datasets/alisofiya/conjunctivitis/Dataset/healthy_eye/135.jpg,Non_Conjunctivitis,RETAINED,None,2a1bf957d43e79a7087d6e00bb64434f,446
/kaggle/input/datasets/alisofiya/conjunctivitis/Dataset/healthy_eye/136.jpg,Non_Conjunctivitis,RETAINED,None,ff58448d2ccd47b1c586e6094ed2b366,480
/kaggle/input/datasets/alisofiya/conjunctivitis/Dataset/healthy_eye/137.jpeg,Non_Conjunctivitis,RETAINED,None,5da6fb124c2346cec4d9aff5a87341ee,168
/kaggle/input/datasets/alisofiya/conjunctivitis/Dataset/healthy_eye/138.jpg,Non_Conjunctivitis,RETAINED,None,e0b62f791175499cadf2e75d5164a898,602
/kaggle/input/datasets/alisofiya/conjunctivitis/Dataset/healthy_eye/139.jpg,Non_Conjunctivitis,RETAINED,None,bb9034824f92d59f71cb9ee6fa2612ef,540
/kaggle/input/datasets/alisofiya/conjunctivitis/Dataset/healthy_eye/14.jpg,Non_Conjunctivitis,RETAINED,None,27c051e09129e4fd183ddcb5409fa85f,957
/kaggle/input/datasets/alisofiya/conjunctivitis/Dataset/healthy_eye/140.jpg,Non_Conjunctivitis,RETAINED,None,7d8b2b937111f913220cfa26adfa6abe,333
/kaggle/input/datasets/alisofiya/conjunctivitis/Dataset/healthy_eye/141.jpg,Non_Conjunctivitis,RETAINED,None,8f8c054748f60f4b030296b2c7db6d5f,667
/kaggle/input/datasets/alisofiya/conjunctivitis/Dataset/healthy_eye/142.jpeg,Non_Conjunctivitis,RETAINED,None,339359f87704d88655962f981e480d83,176
/kaggle/input/datasets/alisofiya/conjunctivitis/Dataset/healthy_eye/143.jpg,Non_Conjunctivitis,RETAINED,None,b4af113d101f9cc76bcc442a735deec7,427
/kaggle/input/datasets/alisofiya/conjunctivitis/Dataset/healthy_eye/144.jpg,Non_Conjunctivitis,EXCLUDED,Exact_MD5_or_MD5_Label_Conflict,8848e15fd0255bf9713121c37de4339b,1609
/kaggle/input/datasets/alisofiya/conjunctivitis/Dataset/healthy_eye/145.jpg,Non_Conjunctivitis,RETAINED,None,4f346d869c333c3b17fbe14f114a9a97,366
/kaggle/input/datasets/alisofiya/conjunctivitis/Dataset/healthy_eye/146.jpg,Non_Conjunctivitis,EXCLUDED,Exact_MD5_or_MD5_Label_Conflict,2a1bf957d43e79a7087d6e00bb64434f,446
/kaggle/input/datasets/alisofiya/conjunctivitis/Dataset/healthy_eye/147.jpg,Non_Conjunctivitis,RETAINED,None,6cf4edd6e4289efbffd0912e3ccdb341,360
/kaggle/input/datasets/alisofiya/conjunctivitis/Dataset/healthy_eye/148.jpg,Non_Conjunctivitis,RETAINED,None,ccc10628ca2ec870beac04b790e8aa99,772
/kaggle/input/datasets/alisofiya/conjunctivitis/Dataset/healthy_eye/149.jpg,Non_Conjunctivitis,RETAINED,None,3be0e93bbd5acee6da452c225ced5166,232
/kaggle/input/datasets/alisofiya/conjunctivitis/Dataset/healthy_eye/15.jpg,Non_Conjunctivitis,RETAINED,None,bdd21d11d35f7fbfa884baf44e045379,575
/kaggle/input/datasets/alisofiya/conjunctivitis/Dataset/healthy_eye/150.jpg,Non_Conjunctivitis,RETAINED,None,8d40735ca87252028f36d759705f5cae,480
/kaggle/input/datasets/alisofiya/conjunctivitis/Dataset/healthy_eye/151.jpg,Non_Conjunctivitis,RETAINED,None,d17099b2d3a7eb68b9fb31e8def1bfc1,630
/kaggle/input/datasets/alisofiya/conjunctivitis/Dataset/healthy_eye/152.jpg,Non_Conjunctivitis,RETAINED,None,e0b1ce1d930621c6083a64049cc33c6c,1080
/kaggle/input/datasets/alisofiya/conjunctivitis/Dataset/healthy_eye/153.jpg,Non_Conjunctivitis,RETAINED,None,ef4b11d48b7829a7db62c6c6f1a90d49,1704
/kaggle/input/datasets/alisofiya/conjunctivitis/Dataset/healthy_eye/154.jpg,Non_Conjunctivitis,RETAINED,None,919270c39f1a4e4c21d2977e2047f3e8,500
/kaggle/input/datasets/alisofiya/conjunctivitis/Dataset/healthy_eye/155.jpg,Non_Conjunctivitis,RETAINED,None,f17874bf9a9cfa1f88364a6924c314f4,408
/kaggle/input/datasets/alisofiya/conjunctivitis/Dataset/healthy_eye/156.jpeg,Non_Conjunctivitis,RETAINED,None,8d948ef4f9bd5110b489cc33a51ac6f0,225
/kaggle/input/datasets/alisofiya/conjunctivitis/Dataset/healthy_eye/157.jpg,Non_Conjunctivitis,RETAINED,None,4a02b7502c5b9e1cf5b487e3b785d13e,1107
/kaggle/input/datasets/alisofiya/conjunctivitis/Dataset/healthy_eye/158.jpg,Non_Conjunctivitis,RETAINED,None,9f6dc6dc6ac2c2ffd1725a0ac4c10a02,1000
/kaggle/input/datasets/alisofiya/conjunctivitis/Dataset/healthy_eye/159.jpg,Non_Conjunctivitis,RETAINED,None,a8fac64df10e7eedf0db03fca73d62d2,683
/kaggle/input/datasets/alisofiya/conjunctivitis/Dataset/healthy_eye/16.jpg,Non_Conjunctivitis,RETAINED,None,505b3ed154dfebf4fe839d90f6496f70,1280
/kaggle/input/datasets/alisofiya/conjunctivitis/Dataset/healthy_eye/160.jpg,Non_Conjunctivitis,RETAINED,None,cd98c7a48b8592fad1ccfdc257981c1b,817
/kaggle/input/datasets/alisofiya/conjunctivitis/Dataset/healthy_eye/161.jpg,Non_Conjunctivitis,RETAINED,None,4ea8434c76aadb6fc61d15de26c498f1,800
/kaggle/input/datasets/alisofiya/conjunctivitis/Dataset/healthy_eye/162.jpg,Non_Conjunctivitis,RETAINED,None,8e8ac14d45f7f45b4bc783f7737669a8,682
/kaggle/input/datasets/alisofiya/conjunctivitis/Dataset/healthy_eye/163.jpg,Non_Conjunctivitis,RETAINED,None,24627f7d3ca0024657aaecaa10383502,1200
/kaggle/input/datasets/alisofiya/conjunctivitis/Dataset/healthy_eye/164.jpg,Non_Conjunctivitis,EXCLUDED,pHash_or_Conflict,c58ea7abe6f03d368240590e4830684c,405
/kaggle/input/datasets/alisofiya/conjunctivitis/Dataset/healthy_eye/165.jpg,Non_Conjunctivitis,EXCLUDED,Exact_MD5_or_MD5_Label_Conflict,8f8c054748f60f4b030296b2c7db6d5f,667
/kaggle/input/datasets/alisofiya/conjunctivitis/Dataset/healthy_eye/166.jpg,Non_Conjunctivitis,RETAINED,None,dcc1fec7be5d50d6c54571819fd2043c,800
/kaggle/input/datasets/alisofiya/conjunctivitis/Dataset/healthy_eye/167.jpg,Non_Conjunctivitis,EXCLUDED,Exact_MD5_or_MD5_Label_Conflict,4f346d869c333c3b17fbe14f114a9a97,366
/kaggle/input/datasets/alisofiya/conjunctivitis/Dataset/healthy_eye/168.jpg,Non_Conjunctivitis,RETAINED,None,aec55737531283fff3ca04aa33d8ad86,720
/kaggle/input/datasets/alisofiya/conjunctivitis/Dataset/healthy_eye/169.jpg,Non_Conjunctivitis,RETAINED,None,d2723706c44df54154e477b90a80ba16,375
/kaggle/input/datasets/alisofiya/conjunctivitis/Dataset/healthy_eye/17.jpg,Non_Conjunctivitis,RETAINED,None,f2cc83e5b110d9931f04e3f01b6a9d40,1078
/kaggle/input/datasets/alisofiya/conjunctivitis/Dataset/healthy_eye/170.jpeg,Non_Conjunctivitis,RETAINED,None,774d2b4b51e06a5b746a0cc9b12be406,183
/kaggle/input/datasets/alisofiya/conjunctivitis/Dataset/healthy_eye/171.jpeg,Non_Conjunctivitis,RETAINED,None,e171c1b965e070aa5b9d34199770cb17,203
/kaggle/input/datasets/alisofiya/conjunctivitis/Dataset/healthy_eye/172.jpeg,Non_Conjunctivitis,RETAINED,None,f544a8aedcc3e315fd0b852dbfda5b30,198
/kaggle/input/datasets/alisofiya/conjunctivitis/Dataset/healthy_eye/173.jpg,Non_Conjunctivitis,RETAINED,None,17484dc3e1be9b999d8d20cf7ad8a3f6,533
/kaggle/input/datasets/alisofiya/conjunctivitis/Dataset/healthy_eye/174.jpg,Non_Conjunctivitis,RETAINED,None,3e859114e20d6706068d56f33be72dcc,240
/kaggle/input/datasets/alisofiya/conjunctivitis/Dataset/healthy_eye/175.jpeg,Non_Conjunctivitis,RETAINED,None,160d5d740c89dfe83f6dab0694712636,201
/kaggle/input/datasets/alisofiya/conjunctivitis/Dataset/healthy_eye/176.jpeg,Non_Conjunctivitis,RETAINED,None,81a34d8f72fe2c7af0a54b467e012f4a,183
/kaggle/input/datasets/alisofiya/conjunctivitis/Dataset/healthy_eye/177.jpeg,Non_Conjunctivitis,RETAINED,None,5c1a98a3adfe027111695d97e08c3b41,183
/kaggle/input/datasets/alisofiya/conjunctivitis/Dataset/healthy_eye/178.jpeg,Non_Conjunctivitis,RETAINED,None,af3fc56221b4827531fd1c60aba53f05,159
/kaggle/input/datasets/alisofiya/conjunctivitis/Dataset/healthy_eye/179.jpg,Non_Conjunctivitis,RETAINED,None,543964a6463ae258ff730fea7a791809,320
/kaggle/input/datasets/alisofiya/conjunctivitis/Dataset/healthy_eye/18.jpg,Non_Conjunctivitis,RETAINED,None,04ade78f4fe8b7112259a676dd5e2855,400
/kaggle/input/datasets/alisofiya/conjunctivitis/Dataset/healthy_eye/180.jpg,Non_Conjunctivitis,EXCLUDED,Exact_MD5_or_MD5_Label_Conflict,cd352f38fedbaae97e09bce2d093154f,666
/kaggle/input/datasets/alisofiya/conjunctivitis/Dataset/healthy_eye/181.jpeg,Non_Conjunctivitis,RETAINED,None,93b6050596297ec60ccb865fa5af2cb2,186
/kaggle/input/datasets/alisofiya/conjunctivitis/Dataset/healthy_eye/19.jpg,Non_Conjunctivitis,RETAINED,None,bfcc37e3f3380759c650b280ee0908c5,183
/kaggle/input/datasets/alisofiya/conjunctivitis/Dataset/healthy_eye/2.jpg,Non_Conjunctivitis,RETAINED,None,95bbdba381f46718abe881ac1e94ec68,189
/kaggle/input/datasets/alisofiya/conjunctivitis/Dataset/healthy_eye/20.jpg,Non_Conjunctivitis,RETAINED,None,520fc95e4bf9c90491d9c78d13c49f2c,2549
/kaggle/input/datasets/alisofiya/conjunctivitis/Dataset/healthy_eye/21.jpg,Non_Conjunctivitis,RETAINED,None,017742864082150fe3182bcbb3ebfe19,1177
/kaggle/input/datasets/alisofiya/conjunctivitis/Dataset/healthy_eye/22.jpg,Non_Conjunctivitis,RETAINED,None,f579eafdb798cbef10206e0b7c17ef15,407
/kaggle/input/datasets/alisofiya/conjunctivitis/Dataset/healthy_eye/23.jpg,Non_Conjunctivitis,RETAINED,None,5ef0232d58cb54085626617c8131438c,520
/kaggle/input/datasets/alisofiya/conjunctivitis/Dataset/healthy_eye/24.jpg,Non_Conjunctivitis,RETAINED,None,824678cdc9fde30a9e5ae347999cf2b8,350
/kaggle/input/datasets/alisofiya/conjunctivitis/Dataset/healthy_eye/25.jpg,Non_Conjunctivitis,RETAINED,None,12aa2c604a3e7782510cc90aa643f984,360
/kaggle/input/datasets/alisofiya/conjunctivitis/Dataset/healthy_eye/26.jpg,Non_Conjunctivitis,RETAINED,None,8fbf2fa219d9b0f40bfc63c90896ad13,183
/kaggle/input/datasets/alisofiya/conjunctivitis/Dataset/healthy_eye/27.jpg,Non_Conjunctivitis,RETAINED,None,006570e305a28195c02f9486aab68921,224
/kaggle/input/datasets/alisofiya/conjunctivitis/Dataset/healthy_eye/28.jpg,Non_Conjunctivitis,RETAINED,None,00755bbb490aba9833472565ea96cde2,708
/kaggle/input/datasets/alisofiya/conjunctivitis/Dataset/healthy_eye/29.jpg,Non_Conjunctivitis,RETAINED,None,a0ecccfc9994708803d17c17413425ff,406
/kaggle/input/datasets/alisofiya/conjunctivitis/Dataset/healthy_eye/3.jpg,Non_Conjunctivitis,RETAINED,None,70d49a9ecbbc1ff6c4aefda1065e0171,300
/kaggle/input/datasets/alisofiya/conjunctivitis/Dataset/healthy_eye/30.jpg,Non_Conjunctivitis,RETAINED,None,5bdc74becc1c870bb80dd323452fc09e,950
/kaggle/input/datasets/alisofiya/conjunctivitis/Dataset/healthy_eye/31.jpg,Non_Conjunctivitis,RETAINED,None,1f5c8b7c15595343228d6f66fa9a1af1,225
/kaggle/input/datasets/alisofiya/conjunctivitis/Dataset/healthy_eye/32.jpg,Non_Conjunctivitis,RETAINED,None,6d3f345464105e013f07df5f365ec222,854
/kaggle/input/datasets/alisofiya/conjunctivitis/Dataset/healthy_eye/33.jpg,Non_Conjunctivitis,RETAINED,None,44abecb0f587a4836dd2ea9fde978c29,191
/kaggle/input/datasets/alisofiya/conjunctivitis/Dataset/healthy_eye/34.jpg,Non_Conjunctivitis,RETAINED,None,c55d9385390bc9249b4b97febf0cf1d5,1280
/kaggle/input/datasets/alisofiya/conjunctivitis/Dataset/healthy_eye/35.jpg,Non_Conjunctivitis,RETAINED,None,846774984568a811513a47c32e769946,407
/kaggle/input/datasets/alisofiya/conjunctivitis/Dataset/healthy_eye/36.jpg,Non_Conjunctivitis,EXCLUDED,pHash_or_Conflict,9ddc958ccf9a0278dfdf68af75dc2d19,172
/kaggle/input/datasets/alisofiya/conjunctivitis/Dataset/healthy_eye/37.jpg,Non_Conjunctivitis,RETAINED,None,f9fde2b7cb850e7c7d80f6b4c1b7f994,394
/kaggle/input/datasets/alisofiya/conjunctivitis/Dataset/healthy_eye/38.jpg,Non_Conjunctivitis,RETAINED,None,1198d331c3b42624139be67bc5e13540,225
/kaggle/input/datasets/alisofiya/conjunctivitis/Dataset/healthy_eye/39.jpg,Non_Conjunctivitis,RETAINED,None,8e5b746de8503767edd9dcf8171a95ca,473
/kaggle/input/datasets/alisofiya/conjunctivitis/Dataset/healthy_eye/4.jpg,Non_Conjunctivitis,RETAINED,None,fbef648da64cc1896a1ad191346b5827,183
/kaggle/input/datasets/alisofiya/conjunctivitis/Dataset/healthy_eye/40.jpg,Non_Conjunctivitis,RETAINED,None,077df24654c823fb551c5ad2461cb405,201
/kaggle/input/datasets/alisofiya/conjunctivitis/Dataset/healthy_eye/41.jpg,Non_Conjunctivitis,RETAINED,None,80d95ebf21dbd62fbb8ad4ffe84f926d,683
/kaggle/input/datasets/alisofiya/conjunctivitis/Dataset/healthy_eye/42.jpg,Non_Conjunctivitis,RETAINED,None,ee4b020de7bd353be80375b67c73fbaa,601
/kaggle/input/datasets/alisofiya/conjunctivitis/Dataset/healthy_eye/43.jpg,Non_Conjunctivitis,RETAINED,None,bb4d7debbfb9c577aacaf783698549b3,438
/kaggle/input/datasets/alisofiya/conjunctivitis/Dataset/healthy_eye/44.jpg,Non_Conjunctivitis,RETAINED,None,4193af9c3e1d415c4507815a2057e9a0,666
/kaggle/input/datasets/alisofiya/conjunctivitis/Dataset/healthy_eye/45.jpg,Non_Conjunctivitis,RETAINED,None,5c6c42b957d7d6b70533bc32c4541fdf,186
/kaggle/input/datasets/alisofiya/conjunctivitis/Dataset/healthy_eye/46.jpg,Non_Conjunctivitis,RETAINED,None,22d40bae7a2c35c750194c88508f62e7,666
/kaggle/input/datasets/alisofiya/conjunctivitis/Dataset/healthy_eye/47.jpg,Non_Conjunctivitis,RETAINED,None,ce619b2bda2063559e0b0ed343109e92,320
/kaggle/input/datasets/alisofiya/conjunctivitis/Dataset/healthy_eye/48.jpg,Non_Conjunctivitis,RETAINED,None,117bd449ab87a6457b30e32f0a41f458,159
/kaggle/input/datasets/alisofiya/conjunctivitis/Dataset/healthy_eye/49.jpg,Non_Conjunctivitis,RETAINED,None,8650618c0bff073a96fd73b9f18cd49e,201
/kaggle/input/datasets/alisofiya/conjunctivitis/Dataset/healthy_eye/5.jpg,Non_Conjunctivitis,RETAINED,None,9561bdb5de703f474cfee68fcef94463,173
/kaggle/input/datasets/alisofiya/conjunctivitis/Dataset/healthy_eye/50.jpg,Non_Conjunctivitis,RETAINED,None,cef12618c30452c9b5a61d7ff24ec39a,817
/kaggle/input/datasets/alisofiya/conjunctivitis/Dataset/healthy_eye/51.jpg,Non_Conjunctivitis,RETAINED,None,d7e34ae6ca9bc50cc86b7b2b2d2cf7b1,1107
/kaggle/input/datasets/alisofiya/conjunctivitis/Dataset/healthy_eye/52.jpg,Non_Conjunctivitis,RETAINED,None,310fdbf8feda8a7e435cb525b9b6b8c4,408
/kaggle/input/datasets/alisofiya/conjunctivitis/Dataset/healthy_eye/53.jpg,Non_Conjunctivitis,RETAINED,None,f4a6378376f75c64d5f30a0ceb2649ca,540
/kaggle/input/datasets/alisofiya/conjunctivitis/Dataset/healthy_eye/54.jpg,Non_Conjunctivitis,RETAINED,None,7755860f963a04e42a2f065864078cb6,602
/kaggle/input/datasets/alisofiya/conjunctivitis/Dataset/healthy_eye/55.jpg,Non_Conjunctivitis,RETAINED,None,cb3825d8d3894f7a7ed20349b456afeb,168
/kaggle/input/datasets/alisofiya/conjunctivitis/Dataset/healthy_eye/56.jpg,Non_Conjunctivitis,RETAINED,None,d4ed7c346a6df911a84cc876f42f0beb,480
/kaggle/input/datasets/alisofiya/conjunctivitis/Dataset/healthy_eye/57.jpg,Non_Conjunctivitis,RETAINED,None,1297168027cf03bdd3aad691b244988f,446
/kaggle/input/datasets/alisofiya/conjunctivitis/Dataset/healthy_eye/58.jpg,Non_Conjunctivitis,RETAINED,None,56f8e183317fee27a51400cfbcbe6b88,729
/kaggle/input/datasets/alisofiya/conjunctivitis/Dataset/healthy_eye/59.jpg,Non_Conjunctivitis,RETAINED,None,33e483a104a1d47f9e3c2527909aba5a,399
/kaggle/input/datasets/alisofiya/conjunctivitis/Dataset/healthy_eye/6.jpg,Non_Conjunctivitis,RETAINED,None,f03fdac265702d7add3a2a4c47b1b76d,187
/kaggle/input/datasets/alisofiya/conjunctivitis/Dataset/healthy_eye/60.jpg,Non_Conjunctivitis,RETAINED,None,1412683ac56b64a6d492af617dde88a0,183
/kaggle/input/datasets/alisofiya/conjunctivitis/Dataset/healthy_eye/61.jpg,Non_Conjunctivitis,RETAINED,None,992a33cca1100e19214505f92b2fc238,2000
/kaggle/input/datasets/alisofiya/conjunctivitis/Dataset/healthy_eye/62.jpg,Non_Conjunctivitis,RETAINED,None,57742cb2fba97d6b8f5210a8edd476d4,427
/kaggle/input/datasets/alisofiya/conjunctivitis/Dataset/healthy_eye/63.jpg,Non_Conjunctivitis,RETAINED,None,8f7e46917b51a7f446bf1c31163af1ee,194
/kaggle/input/datasets/alisofiya/conjunctivitis/Dataset/healthy_eye/64.jpg,Non_Conjunctivitis,RETAINED,None,3818c88d43324e2a16366e794054f5df,183
/kaggle/input/datasets/alisofiya/conjunctivitis/Dataset/healthy_eye/65.jpg,Non_Conjunctivitis,RETAINED,None,aaa79a0c7e057e2d93d707454bd0907d,183
/kaggle/input/datasets/alisofiya/conjunctivitis/Dataset/healthy_eye/66.jpg,Non_Conjunctivitis,RETAINED,None,8010c33d41337a0fb75a734804ba15d1,408
/kaggle/input/datasets/alisofiya/conjunctivitis/Dataset/healthy_eye/67.jpg,Non_Conjunctivitis,RETAINED,None,bf1b7d1be3a80d2d902860407ac98e02,406
/kaggle/input/datasets/alisofiya/conjunctivitis/Dataset/healthy_eye/68.jpg,Non_Conjunctivitis,EXCLUDED,pHash_or_Conflict,488be0ff4b8572e418e07772e97f5956,423
/kaggle/input/datasets/alisofiya/conjunctivitis/Dataset/healthy_eye/69.jpg,Non_Conjunctivitis,EXCLUDED,pHash_or_Conflict,26be49efd05b8c0dbfffa101af1bd1dc,558
/kaggle/input/datasets/alisofiya/conjunctivitis/Dataset/healthy_eye/7.jpg,Non_Conjunctivitis,RETAINED,None,1619165edc44a19c52eeacf6d08360de,225
/kaggle/input/datasets/alisofiya/conjunctivitis/Dataset/healthy_eye/70.jpg,Non_Conjunctivitis,EXCLUDED,pHash_or_Conflict,8be5b90342f58f2046627b8f358bd5d7,183
/kaggle/input/datasets/alisofiya/conjunctivitis/Dataset/healthy_eye/71.jpg,Non_Conjunctivitis,RETAINED,None,2c7d2a5de08a65ea46a569f267cfd3b6,183
/kaggle/input/datasets/alisofiya/conjunctivitis/Dataset/healthy_eye/72.jpg,Non_Conjunctivitis,RETAINED,None,fe73651b338c822ccafce39eff56b972,139
/kaggle/input/datasets/alisofiya/conjunctivitis/Dataset/healthy_eye/73.jpg,Non_Conjunctivitis,RETAINED,None,49b8ee77febe91cfd45461d9b330d402,300
/kaggle/input/datasets/alisofiya/conjunctivitis/Dataset/healthy_eye/74.jpg,Non_Conjunctivitis,RETAINED,None,3cd46c66ac28aa95433b20ff3c7e3df8,659
/kaggle/input/datasets/alisofiya/conjunctivitis/Dataset/healthy_eye/75.jpg,Non_Conjunctivitis,RETAINED,None,4af4033cba8f1dd78b33b2bed849dc2f,183
/kaggle/input/datasets/alisofiya/conjunctivitis/Dataset/healthy_eye/76.jpg,Non_Conjunctivitis,RETAINED,None,669c38ebc3327646f71d7972d662e0bb,173
/kaggle/input/datasets/alisofiya/conjunctivitis/Dataset/healthy_eye/77.jpg,Non_Conjunctivitis,RETAINED,None,10ba5bd31e1bbb15ac22bdf657c9c4bf,187
/kaggle/input/datasets/alisofiya/conjunctivitis/Dataset/healthy_eye/78.jpg,Non_Conjunctivitis,RETAINED,None,3a785e2a7f765fedaa9f0494ed7b1943,225
/kaggle/input/datasets/alisofiya/conjunctivitis/Dataset/healthy_eye/79.jpg,Non_Conjunctivitis,RETAINED,None,b239c29cff1ccf4f1853ff9fc5f8c6b2,640
/kaggle/input/datasets/alisofiya/conjunctivitis/Dataset/healthy_eye/8.jpg,Non_Conjunctivitis,RETAINED,None,7d0d5ce3498c46a1b98f053b954ecedf,640
/kaggle/input/datasets/alisofiya/conjunctivitis/Dataset/healthy_eye/80.jpg,Non_Conjunctivitis,RETAINED,None,97e435fa1214f605a289b2396599a686,772
/kaggle/input/datasets/alisofiya/conjunctivitis/Dataset/healthy_eye/81.jpg,Non_Conjunctivitis,RETAINED,None,fb70d159afbf420f75ee18b508655baa,480
/kaggle/input/datasets/alisofiya/conjunctivitis/Dataset/healthy_eye/82.jpg,Non_Conjunctivitis,RETAINED,None,28aa6d3ae49351f9b42dcee3e5d0d2d2,630
/kaggle/input/datasets/alisofiya/conjunctivitis/Dataset/healthy_eye/83.jpg,Non_Conjunctivitis,RETAINED,None,64e6620b9470c8d62a9ad4d821f81538,849
/kaggle/input/datasets/alisofiya/conjunctivitis/Dataset/healthy_eye/84.jpg,Non_Conjunctivitis,RETAINED,None,25e652fdb329d4579870c7dbe3810bf5,500
/kaggle/input/datasets/alisofiya/conjunctivitis/Dataset/healthy_eye/85.jpg,Non_Conjunctivitis,RETAINED,None,29834c8b23fdeee16984a103b6d0c298,590
/kaggle/input/datasets/alisofiya/conjunctivitis/Dataset/healthy_eye/86.jpg,Non_Conjunctivitis,EXCLUDED,Exact_MD5_or_MD5_Label_Conflict,cd98c7a48b8592fad1ccfdc257981c1b,817
/kaggle/input/datasets/alisofiya/conjunctivitis/Dataset/healthy_eye/87.jpg,Non_Conjunctivitis,EXCLUDED,Exact_MD5_or_MD5_Label_Conflict,4a02b7502c5b9e1cf5b487e3b785d13e,1107
/kaggle/input/datasets/alisofiya/conjunctivitis/Dataset/healthy_eye/88.jpg,Non_Conjunctivitis,EXCLUDED,Exact_MD5_or_MD5_Label_Conflict,8f8c054748f60f4b030296b2c7db6d5f,667
/kaggle/input/datasets/alisofiya/conjunctivitis/Dataset/healthy_eye/89.jpg,Non_Conjunctivitis,EXCLUDED,Exact_MD5_or_MD5_Label_Conflict,543964a6463ae258ff730fea7a791809,320
/kaggle/input/datasets/alisofiya/conjunctivitis/Dataset/healthy_eye/9.jpg,Non_Conjunctivitis,RETAINED,None,d25c162126b7139f6d6f494e76a43dc8,659
/kaggle/input/datasets/alisofiya/conjunctivitis/Dataset/healthy_eye/90.jpg,Non_Conjunctivitis,EXCLUDED,Exact_MD5_or_MD5_Label_Conflict,4ea8434c76aadb6fc61d15de26c498f1,800
/kaggle/input/datasets/alisofiya/conjunctivitis/Dataset/healthy_eye/91.jpg,Non_Conjunctivitis,EXCLUDED,pHash_or_Conflict,be055d4857df135d5d32b70ae34394f2,198
/kaggle/input/datasets/alisofiya/conjunctivitis/Dataset/healthy_eye/92.jpg,Non_Conjunctivitis,EXCLUDED,pHash_or_Conflict,c07422b62ad227d9df341cf896891e5f,225
/kaggle/input/datasets/alisofiya/conjunctivitis/Dataset/healthy_eye/93.jpg,Non_Conjunctivitis,EXCLUDED,Exact_MD5_or_MD5_Label_Conflict,2a1bf957d43e79a7087d6e00bb64434f,446
/kaggle/input/datasets/alisofiya/conjunctivitis/Dataset/healthy_eye/94.jpg,Non_Conjunctivitis,EXCLUDED,Exact_MD5_or_MD5_Label_Conflict,ccc10628ca2ec870beac04b790e8aa99,772
/kaggle/input/datasets/alisofiya/conjunctivitis/Dataset/healthy_eye/95.jpg,Non_Conjunctivitis,EXCLUDED,Exact_MD5_or_MD5_Label_Conflict,8aea011024a61fe60cf3070e2c5af81b,279
/kaggle/input/datasets/alisofiya/conjunctivitis/Dataset/healthy_eye/96.jpg,Non_Conjunctivitis,EXCLUDED,Exact_MD5_or_MD5_Label_Conflict,8be5b90342f58f2046627b8f358bd5d7,183
/kaggle/input/datasets/alisofiya/conjunctivitis/Dataset/healthy_eye/97.jpg,Non_Conjunctivitis,EXCLUDED,pHash_or_Conflict,be92736fc47774bc25cf0cdd92c6da99,194
/kaggle/input/datasets/alisofiya/conjunctivitis/Dataset/healthy_eye/98.jpg,Non_Conjunctivitis,EXCLUDED,pHash_or_Conflict,0138c89a5795e0175a14f2836a1fd57f,183
/kaggle/input/datasets/alisofiya/conjunctivitis/Dataset/healthy_eye/99.jpg,Non_Conjunctivitis,EXCLUDED,pHash_or_Conflict,cea59ce1e60d3ecff9ce8182f35db5bd,183
/kaggle/input/datasets/alisofiya/conjunctivitis/Dataset/infected_eye/1.jpg,Conjunctivitis,RETAINED,None,a387110eee106c4e9effa55222ab678b,800
/kaggle/input/datasets/alisofiya/conjunctivitis/Dataset/infected_eye/10.jpg,Conjunctivitis,RETAINED,None,643e08b93ab15e3e91bdf04c27540e28,633
/kaggle/input/datasets/alisofiya/conjunctivitis/Dataset/infected_eye/100.jpg,Conjunctivitis,EXCLUDED,Sub_100px_or_Corrupt,3595baca430d93c728448ceba94e1421,73
/kaggle/input/datasets/alisofiya/conjunctivitis/Dataset/infected_eye/101.jpg,Conjunctivitis,RETAINED,None,71ff4fdb152cb44e791965aabbbfbeae,313
/kaggle/input/datasets/alisofiya/conjunctivitis/Dataset/infected_eye/102.png,Conjunctivitis,RETAINED,None,880c9d483f150e2808d77bcc9be53a3a,207
/kaggle/input/datasets/alisofiya/conjunctivitis/Dataset/infected_eye/103.jpg,Conjunctivitis,RETAINED,None,6f9f47ca610fa05bce79f55a3297899e,218
/kaggle/input/datasets/alisofiya/conjunctivitis/Dataset/infected_eye/104.jpg,Conjunctivitis,RETAINED,None,de8482735c318099e60460bea5ce90e2,407
/kaggle/input/datasets/alisofiya/conjunctivitis/Dataset/infected_eye/105.jpg,Conjunctivitis,RETAINED,None,8b4db6aebec6c1a885254a494882ca4f,600
/kaggle/input/datasets/alisofiya/conjunctivitis/Dataset/infected_eye/106.jpg,Conjunctivitis,RETAINED,None,d8c397fbb21770113b4fd495dc06cbb2,428
/kaggle/input/datasets/alisofiya/conjunctivitis/Dataset/infected_eye/107.jpg,Conjunctivitis,RETAINED,None,538977b24cd8d6caa77fbf5589bfd2b2,730
/kaggle/input/datasets/alisofiya/conjunctivitis/Dataset/infected_eye/108.jpg,Conjunctivitis,RETAINED,None,ba0c8f3b30f53f289027c834aed64b56,335
/kaggle/input/datasets/alisofiya/conjunctivitis/Dataset/infected_eye/109.jpg,Conjunctivitis,RETAINED,None,9ea70d873c88393f2af61a25b8f3ecd5,286
/kaggle/input/datasets/alisofiya/conjunctivitis/Dataset/infected_eye/11.jpg,Conjunctivitis,RETAINED,None,34c71c8e5a97920af4450da7cc6767b7,225
/kaggle/input/datasets/alisofiya/conjunctivitis/Dataset/infected_eye/110.jpg,Conjunctivitis,RETAINED,None,e34bf66965fa96fc7b0ec3b059a886df,355
/kaggle/input/datasets/alisofiya/conjunctivitis/Dataset/infected_eye/111.jpg,Conjunctivitis,RETAINED,None,b72f85d452132f4a8224879cefe70873,524
/kaggle/input/datasets/alisofiya/conjunctivitis/Dataset/infected_eye/112.jpg,Conjunctivitis,EXCLUDED,pHash_or_Conflict,080edfe8e0aa2d6264506cadf110e576,407
/kaggle/input/datasets/alisofiya/conjunctivitis/Dataset/infected_eye/113.jpg,Conjunctivitis,RETAINED,None,148b2f3714ad4094e7d2aea7c40e865a,350
/kaggle/input/datasets/alisofiya/conjunctivitis/Dataset/infected_eye/114.jpg,Conjunctivitis,RETAINED,None,671188e14d43a91052eddfb1d71ccd49,850
/kaggle/input/datasets/alisofiya/conjunctivitis/Dataset/infected_eye/115.jpg,Conjunctivitis,RETAINED,None,5525ff8afb16594ba7d6c5f32674b614,540
/kaggle/input/datasets/alisofiya/conjunctivitis/Dataset/infected_eye/116.jpg,Conjunctivitis,RETAINED,None,a878e1867e437349c84cc02400621706,368
/kaggle/input/datasets/alisofiya/conjunctivitis/Dataset/infected_eye/117.jpg,Conjunctivitis,RETAINED,None,67694474019744d2f182c09ba6fca594,244
/kaggle/input/datasets/alisofiya/conjunctivitis/Dataset/infected_eye/118.jpg,Conjunctivitis,RETAINED,None,23e04e1627a8e26b81f86071624958c6,420
/kaggle/input/datasets/alisofiya/conjunctivitis/Dataset/infected_eye/119.jpg,Conjunctivitis,RETAINED,None,405f97f1e78a2a63ddd15cfcfeea8ae4,392
/kaggle/input/datasets/alisofiya/conjunctivitis/Dataset/infected_eye/12.jpg,Conjunctivitis,RETAINED,None,ab3a1a2b484ba45dd9e5a96a9d28fab7,360
/kaggle/input/datasets/alisofiya/conjunctivitis/Dataset/infected_eye/120.jpg,Conjunctivitis,RETAINED,None,a254bef1a39f1d5b5bfac55f9a5716b1,282
/kaggle/input/datasets/alisofiya/conjunctivitis/Dataset/infected_eye/121.jpg,Conjunctivitis,RETAINED,None,789fd77871362508b17b59c27b6313d9,453
/kaggle/input/datasets/alisofiya/conjunctivitis/Dataset/infected_eye/122.jpg,Conjunctivitis,RETAINED,None,53b7dbcd17289c7f0ca0f7944203648b,296
/kaggle/input/datasets/alisofiya/conjunctivitis/Dataset/infected_eye/123.jpg,Conjunctivitis,RETAINED,None,b30856c9dcb7b01773347b88d62be2cb,169
/kaggle/input/datasets/alisofiya/conjunctivitis/Dataset/infected_eye/124.jpg,Conjunctivitis,RETAINED,None,18a5c1194e5b95cc690ceb610fb21cbc,539
/kaggle/input/datasets/alisofiya/conjunctivitis/Dataset/infected_eye/125.jpg,Conjunctivitis,RETAINED,None,b511a39dcffb2e1cf4263d5fba8696fa,533
/kaggle/input/datasets/alisofiya/conjunctivitis/Dataset/infected_eye/126.jpg,Conjunctivitis,RETAINED,None,1edacdf9a274f71a65eb424f59fb7668,655
/kaggle/input/datasets/alisofiya/conjunctivitis/Dataset/infected_eye/127.jpg,Conjunctivitis,RETAINED,None,bbce9a0bb373593d2839dfa2fc1e18bd,1200
/kaggle/input/datasets/alisofiya/conjunctivitis/Dataset/infected_eye/128.jpg,Conjunctivitis,RETAINED,None,c75843b0a5725522872b787cb3830024,900
/kaggle/input/datasets/alisofiya/conjunctivitis/Dataset/infected_eye/129.jpg,Conjunctivitis,RETAINED,None,7e5e6df8323dfd65b2e8a27ba600deab,187
/kaggle/input/datasets/alisofiya/conjunctivitis/Dataset/infected_eye/13.jpg,Conjunctivitis,RETAINED,None,3547b07e9f46129dc660e69414b08803,162
/kaggle/input/datasets/alisofiya/conjunctivitis/Dataset/infected_eye/130.jpg,Conjunctivitis,RETAINED,None,725b44df2f720d21feaee66b4d0b0e62,417
/kaggle/input/datasets/alisofiya/conjunctivitis/Dataset/infected_eye/131.jpg,Conjunctivitis,RETAINED,None,1e3f7ce10365bd9e88342377fd8e132f,269
/kaggle/input/datasets/alisofiya/conjunctivitis/Dataset/infected_eye/132.jpg,Conjunctivitis,RETAINED,None,d55783577b849d52d708afdac151824b,286
/kaggle/input/datasets/alisofiya/conjunctivitis/Dataset/infected_eye/133.jpg,Conjunctivitis,RETAINED,None,6f9196beb3f5ca5dfd1006085aa8eb90,378
/kaggle/input/datasets/alisofiya/conjunctivitis/Dataset/infected_eye/134.jpg,Conjunctivitis,RETAINED,None,83dc3524f48df8991c0db578dd37a0ce,512
/kaggle/input/datasets/alisofiya/conjunctivitis/Dataset/infected_eye/135.jpeg,Conjunctivitis,RETAINED,None,102b67de2453c6e7662fb974fae831b2,768
/kaggle/input/datasets/alisofiya/conjunctivitis/Dataset/infected_eye/136.jpg,Conjunctivitis,RETAINED,None,ab59026f4316d76e3095f8758da5f4e0,147
/kaggle/input/datasets/alisofiya/conjunctivitis/Dataset/infected_eye/137.jpg,Conjunctivitis,RETAINED,None,00efd0965a5982d4ccaf299614839a2a,194
/kaggle/input/datasets/alisofiya/conjunctivitis/Dataset/infected_eye/138.jpg,Conjunctivitis,RETAINED,None,5c4bc8be63cac1a3a038e8064412f237,728
/kaggle/input/datasets/alisofiya/conjunctivitis/Dataset/infected_eye/139.jpg,Conjunctivitis,RETAINED,None,e526e8ef13988e8a3ece03c13c52781f,203
/kaggle/input/datasets/alisofiya/conjunctivitis/Dataset/infected_eye/14.jpg,Conjunctivitis,RETAINED,None,b496179028647b8efa7c4caf4e81b4ba,728
/kaggle/input/datasets/alisofiya/conjunctivitis/Dataset/infected_eye/140.jpg,Conjunctivitis,RETAINED,None,660c7bc019fea27ee06347794a849876,192
/kaggle/input/datasets/alisofiya/conjunctivitis/Dataset/infected_eye/141.jpg,Conjunctivitis,RETAINED,None,a771a31e6ca97f55ecdd5d00838ffc76,248
/kaggle/input/datasets/alisofiya/conjunctivitis/Dataset/infected_eye/142.jpg,Conjunctivitis,RETAINED,None,c7c741c8831967858a8c5e9f86fe0553,426
/kaggle/input/datasets/alisofiya/conjunctivitis/Dataset/infected_eye/143.jpg,Conjunctivitis,RETAINED,None,a1d6bee3d6b7a1455203f4c0de343de4,225
/kaggle/input/datasets/alisofiya/conjunctivitis/Dataset/infected_eye/144.jpg,Conjunctivitis,RETAINED,None,7c2521f9b7250286370d1bff371e1fd1,415
/kaggle/input/datasets/alisofiya/conjunctivitis/Dataset/infected_eye/145.jpg,Conjunctivitis,RETAINED,None,69d5f83352286c95bab0832a09496832,406
/kaggle/input/datasets/alisofiya/conjunctivitis/Dataset/infected_eye/146.jpg,Conjunctivitis,RETAINED,None,7aca53d3dba1c5ae31f39b9b79d7bfe1,720
/kaggle/input/datasets/alisofiya/conjunctivitis/Dataset/infected_eye/147.jpg,Conjunctivitis,RETAINED,None,8e16e8276f7c763c9db8c7212736f0ac,819
/kaggle/input/datasets/alisofiya/conjunctivitis/Dataset/infected_eye/148.jpg,Conjunctivitis,EXCLUDED,pHash_or_Conflict,ff8a796e995c5d563f32f594eae7417a,372
/kaggle/input/datasets/alisofiya/conjunctivitis/Dataset/infected_eye/149.jpg,Conjunctivitis,RETAINED,None,c71630c8a7c417565dda0067b5ee076f,1600
/kaggle/input/datasets/alisofiya/conjunctivitis/Dataset/infected_eye/15.jpg,Conjunctivitis,RETAINED,None,8ad3a940f5c4e2d9db52fe4d014f44bb,1374
/kaggle/input/datasets/alisofiya/conjunctivitis/Dataset/infected_eye/150.jpg,Conjunctivitis,RETAINED,None,2c4731ae35cf03427586453df8a2a250,390
/kaggle/input/datasets/alisofiya/conjunctivitis/Dataset/infected_eye/151.jpg,Conjunctivitis,RETAINED,None,d46936fc69d691fc11a3310dbfcbe30c,446
/kaggle/input/datasets/alisofiya/conjunctivitis/Dataset/infected_eye/152.jpg,Conjunctivitis,EXCLUDED,pHash_or_Conflict,fe1b2ce82376e0fd53cf453b9477a1be,390
/kaggle/input/datasets/alisofiya/conjunctivitis/Dataset/infected_eye/153.jpeg,Conjunctivitis,RETAINED,None,3fc06426ebbee29a5fa488c02d5418a0,417
/kaggle/input/datasets/alisofiya/conjunctivitis/Dataset/infected_eye/154.jpeg,Conjunctivitis,EXCLUDED,pHash_or_Conflict,df21253de7d122079e6508f6436df4a6,428
/kaggle/input/datasets/alisofiya/conjunctivitis/Dataset/infected_eye/155.jpeg,Conjunctivitis,EXCLUDED,pHash_or_Conflict,47bb58d696905428e97ae53b8d921744,415
/kaggle/input/datasets/alisofiya/conjunctivitis/Dataset/infected_eye/156.jpeg,Conjunctivitis,RETAINED,None,d09b2ec19bccee100ea03a2149c5ff47,452
/kaggle/input/datasets/alisofiya/conjunctivitis/Dataset/infected_eye/157.jpeg,Conjunctivitis,RETAINED,None,ca31946b294428d8d3e9eb2c0215f4c8,480
/kaggle/input/datasets/alisofiya/conjunctivitis/Dataset/infected_eye/158.jpeg,Conjunctivitis,EXCLUDED,pHash_or_Conflict,bb9a70b891eac0a43c004e175ee778b0,451
/kaggle/input/datasets/alisofiya/conjunctivitis/Dataset/infected_eye/159.jpeg,Conjunctivitis,EXCLUDED,pHash_or_Conflict,46152d4c7bd6a06e7e33eb51c090d697,372
/kaggle/input/datasets/alisofiya/conjunctivitis/Dataset/infected_eye/16.jpg,Conjunctivitis,RETAINED,None,e60b7bd104f2d0b5479c7229abd496c7,213
/kaggle/input/datasets/alisofiya/conjunctivitis/Dataset/infected_eye/160.jpeg,Conjunctivitis,RETAINED,None,5371cf793dcacd8d7f13f0d1945b8d2f,391
/kaggle/input/datasets/alisofiya/conjunctivitis/Dataset/infected_eye/161.jpeg,Conjunctivitis,RETAINED,None,7437d9366240342cc39ee7e92deb092d,429
/kaggle/input/datasets/alisofiya/conjunctivitis/Dataset/infected_eye/162.jpeg,Conjunctivitis,RETAINED,None,3ebfa2d86b95cd101ca20a89674cbc03,452
/kaggle/input/datasets/alisofiya/conjunctivitis/Dataset/infected_eye/163.jpeg,Conjunctivitis,RETAINED,None,eba8e4ecd6bb5a3b73097894a0a879f3,240
/kaggle/input/datasets/alisofiya/conjunctivitis/Dataset/infected_eye/164.jpeg,Conjunctivitis,EXCLUDED,pHash_or_Conflict,48bdc15ce2d50d93c21f433a8df9360f,364
/kaggle/input/datasets/alisofiya/conjunctivitis/Dataset/infected_eye/165.jpeg,Conjunctivitis,RETAINED,None,ef48c4667994ca50b44fe360c6deb514,335
/kaggle/input/datasets/alisofiya/conjunctivitis/Dataset/infected_eye/166.jpeg,Conjunctivitis,RETAINED,None,a73d19b47e9abcc3fc175c176bd94cac,350
/kaggle/input/datasets/alisofiya/conjunctivitis/Dataset/infected_eye/167.jpeg,Conjunctivitis,RETAINED,None,4597054cdd50cfe4ea694907ae00bc83,415
/kaggle/input/datasets/alisofiya/conjunctivitis/Dataset/infected_eye/168.jpeg,Conjunctivitis,EXCLUDED,pHash_or_Conflict,c95b6c57ca00809c285e8a3b03adbc99,160
/kaggle/input/datasets/alisofiya/conjunctivitis/Dataset/infected_eye/169.jpeg,Conjunctivitis,RETAINED,None,9cc614aadbb5bbca62014a1caa0304fa,172
/kaggle/input/datasets/alisofiya/conjunctivitis/Dataset/infected_eye/17.jpg,Conjunctivitis,RETAINED,None,efb5654c55c3c81a23eecc2525242894,863
/kaggle/input/datasets/alisofiya/conjunctivitis/Dataset/infected_eye/170.jpeg,Conjunctivitis,RETAINED,None,6d01380e07e61529a1b6605cdbe423e4,180
/kaggle/input/datasets/alisofiya/conjunctivitis/Dataset/infected_eye/171.jpeg,Conjunctivitis,EXCLUDED,pHash_or_Conflict,431bbecc10a90a7ff382d87d028d0089,216
/kaggle/input/datasets/alisofiya/conjunctivitis/Dataset/infected_eye/172.jpeg,Conjunctivitis,RETAINED,None,9c6f9d3f3f7b9dd35f19527c8e10bc72,406
/kaggle/input/datasets/alisofiya/conjunctivitis/Dataset/infected_eye/173.jpeg,Conjunctivitis,RETAINED,None,822c85720fe1eaf82b740b9375b9076d,452
/kaggle/input/datasets/alisofiya/conjunctivitis/Dataset/infected_eye/174.jpeg,Conjunctivitis,RETAINED,None,8d2c11cbb79c2591ae33da66e45d0e9d,415
/kaggle/input/datasets/alisofiya/conjunctivitis/Dataset/infected_eye/175.jpg,Conjunctivitis,RETAINED,None,6901a9b5b2114a18c9339fc05191db79,183
/kaggle/input/datasets/alisofiya/conjunctivitis/Dataset/infected_eye/176.jpg,Conjunctivitis,RETAINED,None,b058abd8d688ec4f97faa87342a1faf9,312
/kaggle/input/datasets/alisofiya/conjunctivitis/Dataset/infected_eye/177.jpg,Conjunctivitis,RETAINED,None,e65cc5bf03d88e2be202b006f7a9deb6,300
/kaggle/input/datasets/alisofiya/conjunctivitis/Dataset/infected_eye/18.jpg,Conjunctivitis,RETAINED,None,1d02fb81cf6a88815856431fc62692a7,234
/kaggle/input/datasets/alisofiya/conjunctivitis/Dataset/infected_eye/19.jpg,Conjunctivitis,RETAINED,None,a3b1f3986aac5479da2b17a0cca744db,200
/kaggle/input/datasets/alisofiya/conjunctivitis/Dataset/infected_eye/2.jpg,Conjunctivitis,RETAINED,None,105f9d4c316a83b0156d5bc9b02ad85c,446
/kaggle/input/datasets/alisofiya/conjunctivitis/Dataset/infected_eye/20.jpg,Conjunctivitis,RETAINED,None,ebb7d48e8a209b0eba29ff3109719501,383
/kaggle/input/datasets/alisofiya/conjunctivitis/Dataset/infected_eye/21.jpg,Conjunctivitis,EXCLUDED,Sub_100px_or_Corrupt,3b58460563ecbcd8b47ade66616fc6aa,96
/kaggle/input/datasets/alisofiya/conjunctivitis/Dataset/infected_eye/22.jpg,Conjunctivitis,EXCLUDED,pHash_or_Conflict,5bd3cdf43d068434af03b093b59d7b95,862
/kaggle/input/datasets/alisofiya/conjunctivitis/Dataset/infected_eye/23.jpg,Conjunctivitis,RETAINED,None,00f98d2349153b78ddb16aeb4f3db4d8,114
/kaggle/input/datasets/alisofiya/conjunctivitis/Dataset/infected_eye/24.jpg,Conjunctivitis,RETAINED,None,ff85e5574b2f99ad58a7a42101b66c80,251
/kaggle/input/datasets/alisofiya/conjunctivitis/Dataset/infected_eye/25.jpg,Conjunctivitis,RETAINED,None,17dd0335f08b12f6e308f8a3be7e92b5,169
/kaggle/input/datasets/alisofiya/conjunctivitis/Dataset/infected_eye/26.jpg,Conjunctivitis,RETAINED,None,b3b14007283bbf7dac686a0cd4e7f5c7,233
/kaggle/input/datasets/alisofiya/conjunctivitis/Dataset/infected_eye/27.jpg,Conjunctivitis,RETAINED,None,18dcf0f0da83f203ed56576fd45923f1,356
/kaggle/input/datasets/alisofiya/conjunctivitis/Dataset/infected_eye/28.jpg,Conjunctivitis,RETAINED,None,8fa99da817053c3e2511dbbd5f0c5d7c,183
/kaggle/input/datasets/alisofiya/conjunctivitis/Dataset/infected_eye/29.jpg,Conjunctivitis,RETAINED,None,2d750a27bb48fcebaae8d3621b5f4dc2,183
/kaggle/input/datasets/alisofiya/conjunctivitis/Dataset/infected_eye/3.jpg,Conjunctivitis,RETAINED,None,8d00d8e4fa08fe6d9aaa8121211c3a26,415
/kaggle/input/datasets/alisofiya/conjunctivitis/Dataset/infected_eye/30.jpg,Conjunctivitis,RETAINED,None,50c3928705aefec2bc63e3b111e6bf8b,193
/kaggle/input/datasets/alisofiya/conjunctivitis/Dataset/infected_eye/31.jpg,Conjunctivitis,RETAINED,None,c91b6a1e2b4fbc833f1d4e9f3c3c01df,722
/kaggle/input/datasets/alisofiya/conjunctivitis/Dataset/infected_eye/32.jpg,Conjunctivitis,EXCLUDED,pHash_or_Conflict,093e9b8562805c7ca22e8e8d7c25d078,788
/kaggle/input/datasets/alisofiya/conjunctivitis/Dataset/infected_eye/33.jpg,Conjunctivitis,RETAINED,None,9f97bd2617d99c0d659b1c3513b8c552,532
/kaggle/input/datasets/alisofiya/conjunctivitis/Dataset/infected_eye/34.jpg,Conjunctivitis,RETAINED,None,017cd9383ce14fc58d51dcee101001a3,184
/kaggle/input/datasets/alisofiya/conjunctivitis/Dataset/infected_eye/35.jpg,Conjunctivitis,RETAINED,None,c06d5e5a475fa5d12851c1811c53a219,194
/kaggle/input/datasets/alisofiya/conjunctivitis/Dataset/infected_eye/36.jpg,Conjunctivitis,RETAINED,None,ce1f2aadc69d92d0af9cde7e4a95b37d,184
/kaggle/input/datasets/alisofiya/conjunctivitis/Dataset/infected_eye/37.jpg,Conjunctivitis,RETAINED,None,56c2302ab78501294ce71d955de5637a,360
/kaggle/input/datasets/alisofiya/conjunctivitis/Dataset/infected_eye/38.jpg,Conjunctivitis,RETAINED,None,31ba873d80b0ac22b3d9fc022bcce6e9,406
/kaggle/input/datasets/alisofiya/conjunctivitis/Dataset/infected_eye/39.jpg,Conjunctivitis,RETAINED,None,8f5528b3e7632996e023107013b0cb03,139
/kaggle/input/datasets/alisofiya/conjunctivitis/Dataset/infected_eye/4.jpg,Conjunctivitis,RETAINED,None,073d7041fc3f5f575dd5fe729dd20558,648
/kaggle/input/datasets/alisofiya/conjunctivitis/Dataset/infected_eye/40.jpg,Conjunctivitis,RETAINED,None,7563aba7e6c8dc5c71b9217d77aab5d0,308
/kaggle/input/datasets/alisofiya/conjunctivitis/Dataset/infected_eye/41.jpg,Conjunctivitis,EXCLUDED,Sub_100px_or_Corrupt,a787a33c5ac800296db9bb96160ad57f,56
/kaggle/input/datasets/alisofiya/conjunctivitis/Dataset/infected_eye/42.jpg,Conjunctivitis,RETAINED,None,082249fedc75e067bfc52a28bf2083dd,667
/kaggle/input/datasets/alisofiya/conjunctivitis/Dataset/infected_eye/43.jpg,Conjunctivitis,RETAINED,None,1534f54d39d1fe02920be0c9fcdbe03c,537
/kaggle/input/datasets/alisofiya/conjunctivitis/Dataset/infected_eye/44.jpg,Conjunctivitis,RETAINED,None,212b4967fc2c47606526215ab27f50ec,400
/kaggle/input/datasets/alisofiya/conjunctivitis/Dataset/infected_eye/45.jpg,Conjunctivitis,RETAINED,None,c95319c959e52910540cbf28449dae07,106
/kaggle/input/datasets/alisofiya/conjunctivitis/Dataset/infected_eye/46.jpg,Conjunctivitis,RETAINED,None,67bc716254ca59a9b0bed14b7aefe819,360
/kaggle/input/datasets/alisofiya/conjunctivitis/Dataset/infected_eye/47.jpg,Conjunctivitis,EXCLUDED,Sub_100px_or_Corrupt,614892edc73dda06afd41e115ddd495b,73
/kaggle/input/datasets/alisofiya/conjunctivitis/Dataset/infected_eye/48.jpg,Conjunctivitis,RETAINED,None,97c06cab3fe3ada204ea4b0d1bffc1d6,383
/kaggle/input/datasets/alisofiya/conjunctivitis/Dataset/infected_eye/49.jpg,Conjunctivitis,EXCLUDED,Sub_100px_or_Corrupt,a9a02d46a33a26de56366d0a25a62cab,99
/kaggle/input/datasets/alisofiya/conjunctivitis/Dataset/infected_eye/5.jpg,Conjunctivitis,EXCLUDED,Exact_MD5_or_MD5_Label_Conflict,69d5f83352286c95bab0832a09496832,406
/kaggle/input/datasets/alisofiya/conjunctivitis/Dataset/infected_eye/50.jpg,Conjunctivitis,RETAINED,None,a6b2b82a3e423f33bab59b2259e32435,313
/kaggle/input/datasets/alisofiya/conjunctivitis/Dataset/infected_eye/51.jpg,Conjunctivitis,RETAINED,None,8f73771242e42082ae79c5b3b531298a,262
/kaggle/input/datasets/alisofiya/conjunctivitis/Dataset/infected_eye/52.jpg,Conjunctivitis,EXCLUDED,Sub_100px_or_Corrupt,b87987e85cbf45d858198c12aedb27f7,45
/kaggle/input/datasets/alisofiya/conjunctivitis/Dataset/infected_eye/53.jpg,Conjunctivitis,EXCLUDED,Sub_100px_or_Corrupt,b019e81809378f501733f87e28c3611f,48
/kaggle/input/datasets/alisofiya/conjunctivitis/Dataset/infected_eye/54.jpg,Conjunctivitis,EXCLUDED,Sub_100px_or_Corrupt,9aa90d33846b6325e8073c6b8aa15303,71
/kaggle/input/datasets/alisofiya/conjunctivitis/Dataset/infected_eye/55.jpg,Conjunctivitis,RETAINED,None,6c0690b88ebb5d77578b43a2e587bc6e,800
/kaggle/input/datasets/alisofiya/conjunctivitis/Dataset/infected_eye/56.jpg,Conjunctivitis,RETAINED,None,3833e9c7db8c26c6e1b6c4b14de5e9f0,446
/kaggle/input/datasets/alisofiya/conjunctivitis/Dataset/infected_eye/57.jpg,Conjunctivitis,RETAINED,None,4f9c80a3d5d5779d2cbd34df7847bc69,415
/kaggle/input/datasets/alisofiya/conjunctivitis/Dataset/infected_eye/58.jpg,Conjunctivitis,RETAINED,None,7fc970d6a79f3166e5b985e84965f31d,648
/kaggle/input/datasets/alisofiya/conjunctivitis/Dataset/infected_eye/59.jpg,Conjunctivitis,RETAINED,None,f09539ae1c1e9afcc7625edb1190ef86,406
/kaggle/input/datasets/alisofiya/conjunctivitis/Dataset/infected_eye/6.jpg,Conjunctivitis,RETAINED,None,d80d817f6fe5432f7e967d21a5e93992,803
/kaggle/input/datasets/alisofiya/conjunctivitis/Dataset/infected_eye/60.jpg,Conjunctivitis,RETAINED,None,b93fad05f5f7cf8bbe22a256906cccb0,803
/kaggle/input/datasets/alisofiya/conjunctivitis/Dataset/infected_eye/61.jpg,Conjunctivitis,RETAINED,None,eef45f31694fcaa033b8d17b7a781fe7,1000
/kaggle/input/datasets/alisofiya/conjunctivitis/Dataset/infected_eye/62.jpg,Conjunctivitis,RETAINED,None,7d8a1886bd58b7faa5f8febcaa650c86,166
/kaggle/input/datasets/alisofiya/conjunctivitis/Dataset/infected_eye/63.jpg,Conjunctivitis,RETAINED,None,d89c5453bb4888ad01e8035ea110bdc3,648
/kaggle/input/datasets/alisofiya/conjunctivitis/Dataset/infected_eye/64.jpg,Conjunctivitis,RETAINED,None,3081307dec8eb5714ee94fb5c8f8868b,633
/kaggle/input/datasets/alisofiya/conjunctivitis/Dataset/infected_eye/65.jpg,Conjunctivitis,RETAINED,None,057f440135045d4f8d5ac08d2b545651,225
/kaggle/input/datasets/alisofiya/conjunctivitis/Dataset/infected_eye/66.jpg,Conjunctivitis,RETAINED,None,212f163fc3af7e71f532f1401c27a5e8,360
/kaggle/input/datasets/alisofiya/conjunctivitis/Dataset/infected_eye/67.jpg,Conjunctivitis,RETAINED,None,e4decfd786be3dcd8efa28564503c785,162
/kaggle/input/datasets/alisofiya/conjunctivitis/Dataset/infected_eye/68.jpg,Conjunctivitis,RETAINED,None,c040de49a48c37ef56af3003798139b2,728
/kaggle/input/datasets/alisofiya/conjunctivitis/Dataset/infected_eye/69.jpg,Conjunctivitis,RETAINED,None,bccc1c8807536c3126d05959378a96b2,1374
/kaggle/input/datasets/alisofiya/conjunctivitis/Dataset/infected_eye/7.jpg,Conjunctivitis,RETAINED,None,be098c88f6286a84a3fd1efbf7a22ad3,1000
/kaggle/input/datasets/alisofiya/conjunctivitis/Dataset/infected_eye/70.jpg,Conjunctivitis,RETAINED,None,be3851686048d9a02e1fc5e84028b002,213
/kaggle/input/datasets/alisofiya/conjunctivitis/Dataset/infected_eye/71.jpg,Conjunctivitis,RETAINED,None,5164c7b69fb6ca5d4a2f791576892715,863
/kaggle/input/datasets/alisofiya/conjunctivitis/Dataset/infected_eye/72.jpg,Conjunctivitis,RETAINED,None,4edd9b6b7928bbe7ff11e32037319606,234
/kaggle/input/datasets/alisofiya/conjunctivitis/Dataset/infected_eye/73.jpg,Conjunctivitis,RETAINED,None,a67b0e33263fc8a34515ff1178a32efe,200
/kaggle/input/datasets/alisofiya/conjunctivitis/Dataset/infected_eye/74.jpg,Conjunctivitis,RETAINED,None,5de7ae43793c46fd6f1ef42a60623464,383
/kaggle/input/datasets/alisofiya/conjunctivitis/Dataset/infected_eye/75.jpg,Conjunctivitis,EXCLUDED,Sub_100px_or_Corrupt,716134587a7f6ff33f3a190eb3b17a9a,96
/kaggle/input/datasets/alisofiya/conjunctivitis/Dataset/infected_eye/76.jpg,Conjunctivitis,RETAINED,None,e26e61a03e74d90fb8db8acb41e5fe43,114
/kaggle/input/datasets/alisofiya/conjunctivitis/Dataset/infected_eye/77.jpg,Conjunctivitis,RETAINED,None,c98603beb05a4895f6c8e0559a01e17e,251
/kaggle/input/datasets/alisofiya/conjunctivitis/Dataset/infected_eye/78.jpg,Conjunctivitis,RETAINED,None,77a872b55696444c7d478e65cd8603f7,169
/kaggle/input/datasets/alisofiya/conjunctivitis/Dataset/infected_eye/79.jpg,Conjunctivitis,RETAINED,None,9283e6f71cc9c62389d806fd50b643bb,233
/kaggle/input/datasets/alisofiya/conjunctivitis/Dataset/infected_eye/8.jpg,Conjunctivitis,RETAINED,None,9634cdd26b3e706d4e01435b5acae799,166
/kaggle/input/datasets/alisofiya/conjunctivitis/Dataset/infected_eye/80.jpg,Conjunctivitis,RETAINED,None,f17bc342a5236bb9e09e9c612ba373b4,356
/kaggle/input/datasets/alisofiya/conjunctivitis/Dataset/infected_eye/81.jpg,Conjunctivitis,RETAINED,None,8ce1351d1abd734c06dd4dc8fe1a3ae2,183
/kaggle/input/datasets/alisofiya/conjunctivitis/Dataset/infected_eye/82.jpg,Conjunctivitis,RETAINED,None,54e39d2080f949bb059483913486ef86,183
/kaggle/input/datasets/alisofiya/conjunctivitis/Dataset/infected_eye/83.jpg,Conjunctivitis,RETAINED,None,9e2b4d59eafeb65e39839e8ed2db9cb4,193
/kaggle/input/datasets/alisofiya/conjunctivitis/Dataset/infected_eye/84.jpg,Conjunctivitis,RETAINED,None,9ae952484c06d06d4230e86e9f95c1d4,722
/kaggle/input/datasets/alisofiya/conjunctivitis/Dataset/infected_eye/85.jpg,Conjunctivitis,RETAINED,None,71b21002b409eeddece82819a6ddadff,788
/kaggle/input/datasets/alisofiya/conjunctivitis/Dataset/infected_eye/86.jpg,Conjunctivitis,RETAINED,None,fa26e9d430133ccc7a18395cea0ccc36,532
/kaggle/input/datasets/alisofiya/conjunctivitis/Dataset/infected_eye/87.jpg,Conjunctivitis,RETAINED,None,baa182e46cbbdb60e0c614fb99f3db11,184
/kaggle/input/datasets/alisofiya/conjunctivitis/Dataset/infected_eye/88.jpg,Conjunctivitis,RETAINED,None,8f4ebc961a5d60a1f2faf9abaf0f61d0,194
/kaggle/input/datasets/alisofiya/conjunctivitis/Dataset/infected_eye/89.jpg,Conjunctivitis,RETAINED,None,c264d44a56bfd865f2b58926aba4becb,184
/kaggle/input/datasets/alisofiya/conjunctivitis/Dataset/infected_eye/9.jpg,Conjunctivitis,RETAINED,None,3505d72c0b6b83f0bd15d5a5d78c6e2a,648
/kaggle/input/datasets/alisofiya/conjunctivitis/Dataset/infected_eye/90.jpg,Conjunctivitis,RETAINED,None,42a78868363431d96f3bd61060933cef,360
/kaggle/input/datasets/alisofiya/conjunctivitis/Dataset/infected_eye/91.jpg,Conjunctivitis,RETAINED,None,9cc525b1a7d78399bf3664d3553a1a98,406
/kaggle/input/datasets/alisofiya/conjunctivitis/Dataset/infected_eye/92.jpg,Conjunctivitis,RETAINED,None,5ff29d13ba5fa88a0c2460b03d75c633,139
/kaggle/input/datasets/alisofiya/conjunctivitis/Dataset/infected_eye/93.jpg,Conjunctivitis,RETAINED,None,274cd5ce604c103d76e5c8bc89d4d306,308
/kaggle/input/datasets/alisofiya/conjunctivitis/Dataset/infected_eye/94.jpg,Conjunctivitis,EXCLUDED,Sub_100px_or_Corrupt,e30d56e89009e3fbe682e84ec974f577,56
/kaggle/input/datasets/alisofiya/conjunctivitis/Dataset/infected_eye/95.jpg,Conjunctivitis,RETAINED,None,21bf4579e7e72deedbb41cc52b22e14c,667
/kaggle/input/datasets/alisofiya/conjunctivitis/Dataset/infected_eye/96.jpg,Conjunctivitis,RETAINED,None,3424c1e8c57ba8ed9783b5faf81653b8,537
/kaggle/input/datasets/alisofiya/conjunctivitis/Dataset/infected_eye/97.jpg,Conjunctivitis,RETAINED,None,bff0d8163edd0f22a7eea18a16619a47,400
/kaggle/input/datasets/alisofiya/conjunctivitis/Dataset/infected_eye/98.jpg,Conjunctivitis,RETAINED,None,81c44ccc3924e9b74a240ade7e10dbde,106
/kaggle/input/datasets/alisofiya/conjunctivitis/Dataset/infected_eye/99.jpg,Conjunctivitis,RETAINED,None,bdabf8a72ecd9dbad70706cd55b84227,360
/kaggle/input/datasets/safone/conjunctivitis-non-conjunctivitis/Conjunctivitis/1.jpg,Conjunctivitis,EXCLUDED,Exact_MD5_or_MD5_Label_Conflict,a387110eee106c4e9effa55222ab678b,800
/kaggle/input/datasets/safone/conjunctivitis-non-conjunctivitis/Conjunctivitis/10.jpg,Conjunctivitis,EXCLUDED,Exact_MD5_or_MD5_Label_Conflict,643e08b93ab15e3e91bdf04c27540e28,633
/kaggle/input/datasets/safone/conjunctivitis-non-conjunctivitis/Conjunctivitis/100.jpg,Conjunctivitis,EXCLUDED,Exact_MD5_or_MD5_Label_Conflict,3595baca430d93c728448ceba94e1421,73
/kaggle/input/datasets/safone/conjunctivitis-non-conjunctivitis/Conjunctivitis/101.jpg,Conjunctivitis,EXCLUDED,Exact_MD5_or_MD5_Label_Conflict,71ff4fdb152cb44e791965aabbbfbeae,313
/kaggle/input/datasets/safone/conjunctivitis-non-conjunctivitis/Conjunctivitis/102.jpg,Conjunctivitis,RETAINED,None,a192c84ec6cd94b08072c8f324ef120d,238
/kaggle/input/datasets/safone/conjunctivitis-non-conjunctivitis/Conjunctivitis/102.png,Conjunctivitis,EXCLUDED,Exact_MD5_or_MD5_Label_Conflict,880c9d483f150e2808d77bcc9be53a3a,207
/kaggle/input/datasets/safone/conjunctivitis-non-conjunctivitis/Conjunctivitis/103.jpg,Conjunctivitis,EXCLUDED,Exact_MD5_or_MD5_Label_Conflict,6f9f47ca610fa05bce79f55a3297899e,218
/kaggle/input/datasets/safone/conjunctivitis-non-conjunctivitis/Conjunctivitis/104.jpg,Conjunctivitis,EXCLUDED,Exact_MD5_or_MD5_Label_Conflict,de8482735c318099e60460bea5ce90e2,407
/kaggle/input/datasets/safone/conjunctivitis-non-conjunctivitis/Conjunctivitis/105.jpg,Conjunctivitis,EXCLUDED,Exact_MD5_or_MD5_Label_Conflict,8b4db6aebec6c1a885254a494882ca4f,600
/kaggle/input/datasets/safone/conjunctivitis-non-conjunctivitis/Conjunctivitis/106.jpg,Conjunctivitis,EXCLUDED,Exact_MD5_or_MD5_Label_Conflict,d8c397fbb21770113b4fd495dc06cbb2,428
/kaggle/input/datasets/safone/conjunctivitis-non-conjunctivitis/Conjunctivitis/107.jpg,Conjunctivitis,EXCLUDED,Exact_MD5_or_MD5_Label_Conflict,538977b24cd8d6caa77fbf5589bfd2b2,730
/kaggle/input/datasets/safone/conjunctivitis-non-conjunctivitis/Conjunctivitis/108.jpg,Conjunctivitis,EXCLUDED,Exact_MD5_or_MD5_Label_Conflict,ba0c8f3b30f53f289027c834aed64b56,335
/kaggle/input/datasets/safone/conjunctivitis-non-conjunctivitis/Conjunctivitis/109.jpg,Conjunctivitis,EXCLUDED,Exact_MD5_or_MD5_Label_Conflict,9ea70d873c88393f2af61a25b8f3ecd5,286
/kaggle/input/datasets/safone/conjunctivitis-non-conjunctivitis/Conjunctivitis/11.jpg,Conjunctivitis,EXCLUDED,Exact_MD5_or_MD5_Label_Conflict,34c71c8e5a97920af4450da7cc6767b7,225
/kaggle/input/datasets/safone/conjunctivitis-non-conjunctivitis/Conjunctivitis/110.jpg,Conjunctivitis,EXCLUDED,Exact_MD5_or_MD5_Label_Conflict,e34bf66965fa96fc7b0ec3b059a886df,355
/kaggle/input/datasets/safone/conjunctivitis-non-conjunctivitis/Conjunctivitis/111.jpg,Conjunctivitis,EXCLUDED,Exact_MD5_or_MD5_Label_Conflict,b72f85d452132f4a8224879cefe70873,524
/kaggle/input/datasets/safone/conjunctivitis-non-conjunctivitis/Conjunctivitis/112.jpg,Conjunctivitis,EXCLUDED,Exact_MD5_or_MD5_Label_Conflict,080edfe8e0aa2d6264506cadf110e576,407
/kaggle/input/datasets/safone/conjunctivitis-non-conjunctivitis/Conjunctivitis/113.jpg,Conjunctivitis,EXCLUDED,Exact_MD5_or_MD5_Label_Conflict,148b2f3714ad4094e7d2aea7c40e865a,350
/kaggle/input/datasets/safone/conjunctivitis-non-conjunctivitis/Conjunctivitis/114.jpg,Conjunctivitis,EXCLUDED,Exact_MD5_or_MD5_Label_Conflict,671188e14d43a91052eddfb1d71ccd49,850
/kaggle/input/datasets/safone/conjunctivitis-non-conjunctivitis/Conjunctivitis/115.jpg,Conjunctivitis,EXCLUDED,Exact_MD5_or_MD5_Label_Conflict,5525ff8afb16594ba7d6c5f32674b614,540
/kaggle/input/datasets/safone/conjunctivitis-non-conjunctivitis/Conjunctivitis/116.jpg,Conjunctivitis,EXCLUDED,Exact_MD5_or_MD5_Label_Conflict,a878e1867e437349c84cc02400621706,368
/kaggle/input/datasets/safone/conjunctivitis-non-conjunctivitis/Conjunctivitis/117.jpg,Conjunctivitis,EXCLUDED,Exact_MD5_or_MD5_Label_Conflict,67694474019744d2f182c09ba6fca594,244
/kaggle/input/datasets/safone/conjunctivitis-non-conjunctivitis/Conjunctivitis/118.jpg,Conjunctivitis,EXCLUDED,Exact_MD5_or_MD5_Label_Conflict,23e04e1627a8e26b81f86071624958c6,420
/kaggle/input/datasets/safone/conjunctivitis-non-conjunctivitis/Conjunctivitis/119.jpg,Conjunctivitis,EXCLUDED,Exact_MD5_or_MD5_Label_Conflict,405f97f1e78a2a63ddd15cfcfeea8ae4,392
/kaggle/input/datasets/safone/conjunctivitis-non-conjunctivitis/Conjunctivitis/12.jpg,Conjunctivitis,EXCLUDED,Exact_MD5_or_MD5_Label_Conflict,ab3a1a2b484ba45dd9e5a96a9d28fab7,360
/kaggle/input/datasets/safone/conjunctivitis-non-conjunctivitis/Conjunctivitis/120.jpg,Conjunctivitis,EXCLUDED,Exact_MD5_or_MD5_Label_Conflict,a254bef1a39f1d5b5bfac55f9a5716b1,282
/kaggle/input/datasets/safone/conjunctivitis-non-conjunctivitis/Conjunctivitis/121.jpg,Conjunctivitis,EXCLUDED,Exact_MD5_or_MD5_Label_Conflict,789fd77871362508b17b59c27b6313d9,453
/kaggle/input/datasets/safone/conjunctivitis-non-conjunctivitis/Conjunctivitis/122.jpg,Conjunctivitis,EXCLUDED,Exact_MD5_or_MD5_Label_Conflict,53b7dbcd17289c7f0ca0f7944203648b,296
/kaggle/input/datasets/safone/conjunctivitis-non-conjunctivitis/Conjunctivitis/123.jpg,Conjunctivitis,EXCLUDED,Exact_MD5_or_MD5_Label_Conflict,b30856c9dcb7b01773347b88d62be2cb,169
/kaggle/input/datasets/safone/conjunctivitis-non-conjunctivitis/Conjunctivitis/124.jpg,Conjunctivitis,EXCLUDED,Exact_MD5_or_MD5_Label_Conflict,18a5c1194e5b95cc690ceb610fb21cbc,539
/kaggle/input/datasets/safone/conjunctivitis-non-conjunctivitis/Conjunctivitis/125.jpg,Conjunctivitis,EXCLUDED,Exact_MD5_or_MD5_Label_Conflict,b511a39dcffb2e1cf4263d5fba8696fa,533
/kaggle/input/datasets/safone/conjunctivitis-non-conjunctivitis/Conjunctivitis/126.jpg,Conjunctivitis,EXCLUDED,Exact_MD5_or_MD5_Label_Conflict,1edacdf9a274f71a65eb424f59fb7668,655
/kaggle/input/datasets/safone/conjunctivitis-non-conjunctivitis/Conjunctivitis/127.jpg,Conjunctivitis,EXCLUDED,Exact_MD5_or_MD5_Label_Conflict,bbce9a0bb373593d2839dfa2fc1e18bd,1200
/kaggle/input/datasets/safone/conjunctivitis-non-conjunctivitis/Conjunctivitis/128.jpg,Conjunctivitis,EXCLUDED,Exact_MD5_or_MD5_Label_Conflict,c75843b0a5725522872b787cb3830024,900
/kaggle/input/datasets/safone/conjunctivitis-non-conjunctivitis/Conjunctivitis/129.jpg,Conjunctivitis,EXCLUDED,Exact_MD5_or_MD5_Label_Conflict,7e5e6df8323dfd65b2e8a27ba600deab,187
/kaggle/input/datasets/safone/conjunctivitis-non-conjunctivitis/Conjunctivitis/13.jpg,Conjunctivitis,EXCLUDED,Exact_MD5_or_MD5_Label_Conflict,3547b07e9f46129dc660e69414b08803,162
/kaggle/input/datasets/safone/conjunctivitis-non-conjunctivitis/Conjunctivitis/130.jpg,Conjunctivitis,EXCLUDED,Exact_MD5_or_MD5_Label_Conflict,725b44df2f720d21feaee66b4d0b0e62,417
/kaggle/input/datasets/safone/conjunctivitis-non-conjunctivitis/Conjunctivitis/131.jpg,Conjunctivitis,EXCLUDED,Exact_MD5_or_MD5_Label_Conflict,1e3f7ce10365bd9e88342377fd8e132f,269
/kaggle/input/datasets/safone/conjunctivitis-non-conjunctivitis/Conjunctivitis/132.jpg,Conjunctivitis,EXCLUDED,Exact_MD5_or_MD5_Label_Conflict,d55783577b849d52d708afdac151824b,286
/kaggle/input/datasets/safone/conjunctivitis-non-conjunctivitis/Conjunctivitis/133.jpg,Conjunctivitis,EXCLUDED,Exact_MD5_or_MD5_Label_Conflict,6f9196beb3f5ca5dfd1006085aa8eb90,378
/kaggle/input/datasets/safone/conjunctivitis-non-conjunctivitis/Conjunctivitis/134.jpg,Conjunctivitis,EXCLUDED,Exact_MD5_or_MD5_Label_Conflict,83dc3524f48df8991c0db578dd37a0ce,512
/kaggle/input/datasets/safone/conjunctivitis-non-conjunctivitis/Conjunctivitis/135.jpeg,Conjunctivitis,EXCLUDED,Exact_MD5_or_MD5_Label_Conflict,102b67de2453c6e7662fb974fae831b2,768
/kaggle/input/datasets/safone/conjunctivitis-non-conjunctivitis/Conjunctivitis/135.jpg,Conjunctivitis,RETAINED,None,77e27bd177997c7420b15c2ff4e7f7d5,207
/kaggle/input/datasets/safone/conjunctivitis-non-conjunctivitis/Conjunctivitis/136.jpg,Conjunctivitis,EXCLUDED,Exact_MD5_or_MD5_Label_Conflict,ab59026f4316d76e3095f8758da5f4e0,147
/kaggle/input/datasets/safone/conjunctivitis-non-conjunctivitis/Conjunctivitis/137.jpg,Conjunctivitis,EXCLUDED,Exact_MD5_or_MD5_Label_Conflict,00efd0965a5982d4ccaf299614839a2a,194
/kaggle/input/datasets/safone/conjunctivitis-non-conjunctivitis/Conjunctivitis/138.jpg,Conjunctivitis,EXCLUDED,Exact_MD5_or_MD5_Label_Conflict,5c4bc8be63cac1a3a038e8064412f237,728
/kaggle/input/datasets/safone/conjunctivitis-non-conjunctivitis/Conjunctivitis/139.jpg,Conjunctivitis,EXCLUDED,Exact_MD5_or_MD5_Label_Conflict,e526e8ef13988e8a3ece03c13c52781f,203
/kaggle/input/datasets/safone/conjunctivitis-non-conjunctivitis/Conjunctivitis/14.jpg,Conjunctivitis,EXCLUDED,Exact_MD5_or_MD5_Label_Conflict,b496179028647b8efa7c4caf4e81b4ba,728
/kaggle/input/datasets/safone/conjunctivitis-non-conjunctivitis/Conjunctivitis/140.jpg,Conjunctivitis,EXCLUDED,Exact_MD5_or_MD5_Label_Conflict,660c7bc019fea27ee06347794a849876,192
/kaggle/input/datasets/safone/conjunctivitis-non-conjunctivitis/Conjunctivitis/141.jpg,Conjunctivitis,EXCLUDED,Exact_MD5_or_MD5_Label_Conflict,a771a31e6ca97f55ecdd5d00838ffc76,248
/kaggle/input/datasets/safone/conjunctivitis-non-conjunctivitis/Conjunctivitis/142.jpg,Conjunctivitis,EXCLUDED,Exact_MD5_or_MD5_Label_Conflict,c7c741c8831967858a8c5e9f86fe0553,426
/kaggle/input/datasets/safone/conjunctivitis-non-conjunctivitis/Conjunctivitis/143.jpg,Conjunctivitis,EXCLUDED,Exact_MD5_or_MD5_Label_Conflict,a1d6bee3d6b7a1455203f4c0de343de4,225
/kaggle/input/datasets/safone/conjunctivitis-non-conjunctivitis/Conjunctivitis/144.jpg,Conjunctivitis,EXCLUDED,Exact_MD5_or_MD5_Label_Conflict,7c2521f9b7250286370d1bff371e1fd1,415
/kaggle/input/datasets/safone/conjunctivitis-non-conjunctivitis/Conjunctivitis/145.jpg,Conjunctivitis,EXCLUDED,Exact_MD5_or_MD5_Label_Conflict,69d5f83352286c95bab0832a09496832,406
/kaggle/input/datasets/safone/conjunctivitis-non-conjunctivitis/Conjunctivitis/146.jpg,Conjunctivitis,EXCLUDED,Exact_MD5_or_MD5_Label_Conflict,7aca53d3dba1c5ae31f39b9b79d7bfe1,720
/kaggle/input/datasets/safone/conjunctivitis-non-conjunctivitis/Conjunctivitis/147.jpg,Conjunctivitis,EXCLUDED,Exact_MD5_or_MD5_Label_Conflict,8e16e8276f7c763c9db8c7212736f0ac,819
/kaggle/input/datasets/safone/conjunctivitis-non-conjunctivitis/Conjunctivitis/148.jpg,Conjunctivitis,EXCLUDED,Exact_MD5_or_MD5_Label_Conflict,ff8a796e995c5d563f32f594eae7417a,372
/kaggle/input/datasets/safone/conjunctivitis-non-conjunctivitis/Conjunctivitis/149.jpg,Conjunctivitis,EXCLUDED,Exact_MD5_or_MD5_Label_Conflict,c71630c8a7c417565dda0067b5ee076f,1600
/kaggle/input/datasets/safone/conjunctivitis-non-conjunctivitis/Conjunctivitis/15.jpg,Conjunctivitis,EXCLUDED,Exact_MD5_or_MD5_Label_Conflict,8ad3a940f5c4e2d9db52fe4d014f44bb,1374
/kaggle/input/datasets/safone/conjunctivitis-non-conjunctivitis/Conjunctivitis/150.jpg,Conjunctivitis,EXCLUDED,Exact_MD5_or_MD5_Label_Conflict,2c4731ae35cf03427586453df8a2a250,390
/kaggle/input/datasets/safone/conjunctivitis-non-conjunctivitis/Conjunctivitis/151.jpg,Conjunctivitis,EXCLUDED,Exact_MD5_or_MD5_Label_Conflict,d46936fc69d691fc11a3310dbfcbe30c,446
/kaggle/input/datasets/safone/conjunctivitis-non-conjunctivitis/Conjunctivitis/152.jpg,Conjunctivitis,EXCLUDED,Exact_MD5_or_MD5_Label_Conflict,fe1b2ce82376e0fd53cf453b9477a1be,390
/kaggle/input/datasets/safone/conjunctivitis-non-conjunctivitis/Conjunctivitis/153.jpeg,Conjunctivitis,EXCLUDED,Exact_MD5_or_MD5_Label_Conflict,3fc06426ebbee29a5fa488c02d5418a0,417
/kaggle/input/datasets/safone/conjunctivitis-non-conjunctivitis/Conjunctivitis/153.jpg,Conjunctivitis,RETAINED,None,c2f4e58b563fd91e1f1211220a235925,248
/kaggle/input/datasets/safone/conjunctivitis-non-conjunctivitis/Conjunctivitis/154.jpeg,Conjunctivitis,EXCLUDED,Exact_MD5_or_MD5_Label_Conflict,df21253de7d122079e6508f6436df4a6,428
/kaggle/input/datasets/safone/conjunctivitis-non-conjunctivitis/Conjunctivitis/154.jpg,Conjunctivitis,RETAINED,None,b792a6a0e8d35f979f73d26e844a964d,285
/kaggle/input/datasets/safone/conjunctivitis-non-conjunctivitis/Conjunctivitis/155.jpeg,Conjunctivitis,EXCLUDED,Exact_MD5_or_MD5_Label_Conflict,47bb58d696905428e97ae53b8d921744,415
/kaggle/input/datasets/safone/conjunctivitis-non-conjunctivitis/Conjunctivitis/155.jpg,Conjunctivitis,RETAINED,None,f1f2e34e62efe487e9d14b2c305ce889,257
/kaggle/input/datasets/safone/conjunctivitis-non-conjunctivitis/Conjunctivitis/156.jpeg,Conjunctivitis,EXCLUDED,Exact_MD5_or_MD5_Label_Conflict,d09b2ec19bccee100ea03a2149c5ff47,452
/kaggle/input/datasets/safone/conjunctivitis-non-conjunctivitis/Conjunctivitis/156.jpg,Conjunctivitis,RETAINED,None,11dc0c8f5fe391adc9b03c21ca71e89f,255
/kaggle/input/datasets/safone/conjunctivitis-non-conjunctivitis/Conjunctivitis/157.jpeg,Conjunctivitis,EXCLUDED,Exact_MD5_or_MD5_Label_Conflict,ca31946b294428d8d3e9eb2c0215f4c8,480
/kaggle/input/datasets/safone/conjunctivitis-non-conjunctivitis/Conjunctivitis/157.jpg,Conjunctivitis,RETAINED,None,6131f727e7d024a09cc43b582eb8b05a,297
/kaggle/input/datasets/safone/conjunctivitis-non-conjunctivitis/Conjunctivitis/158.jpeg,Conjunctivitis,EXCLUDED,Exact_MD5_or_MD5_Label_Conflict,bb9a70b891eac0a43c004e175ee778b0,451
/kaggle/input/datasets/safone/conjunctivitis-non-conjunctivitis/Conjunctivitis/159.jpeg,Conjunctivitis,EXCLUDED,Exact_MD5_or_MD5_Label_Conflict,46152d4c7bd6a06e7e33eb51c090d697,372
/kaggle/input/datasets/safone/conjunctivitis-non-conjunctivitis/Conjunctivitis/16.jpg,Conjunctivitis,EXCLUDED,Exact_MD5_or_MD5_Label_Conflict,e60b7bd104f2d0b5479c7229abd496c7,213
/kaggle/input/datasets/safone/conjunctivitis-non-conjunctivitis/Conjunctivitis/160.jpeg,Conjunctivitis,EXCLUDED,Exact_MD5_or_MD5_Label_Conflict,5371cf793dcacd8d7f13f0d1945b8d2f,391
/kaggle/input/datasets/safone/conjunctivitis-non-conjunctivitis/Conjunctivitis/161.jpeg,Conjunctivitis,EXCLUDED,Exact_MD5_or_MD5_Label_Conflict,7437d9366240342cc39ee7e92deb092d,429
/kaggle/input/datasets/safone/conjunctivitis-non-conjunctivitis/Conjunctivitis/162.jpeg,Conjunctivitis,EXCLUDED,Exact_MD5_or_MD5_Label_Conflict,3ebfa2d86b95cd101ca20a89674cbc03,452
/kaggle/input/datasets/safone/conjunctivitis-non-conjunctivitis/Conjunctivitis/163.jpeg,Conjunctivitis,EXCLUDED,Exact_MD5_or_MD5_Label_Conflict,eba8e4ecd6bb5a3b73097894a0a879f3,240
/kaggle/input/datasets/safone/conjunctivitis-non-conjunctivitis/Conjunctivitis/164.jpeg,Conjunctivitis,EXCLUDED,Exact_MD5_or_MD5_Label_Conflict,48bdc15ce2d50d93c21f433a8df9360f,364
/kaggle/input/datasets/safone/conjunctivitis-non-conjunctivitis/Conjunctivitis/165.jpeg,Conjunctivitis,EXCLUDED,Exact_MD5_or_MD5_Label_Conflict,ef48c4667994ca50b44fe360c6deb514,335
/kaggle/input/datasets/safone/conjunctivitis-non-conjunctivitis/Conjunctivitis/166.jpeg,Conjunctivitis,EXCLUDED,Exact_MD5_or_MD5_Label_Conflict,a73d19b47e9abcc3fc175c176bd94cac,350
/kaggle/input/datasets/safone/conjunctivitis-non-conjunctivitis/Conjunctivitis/167.jpeg,Conjunctivitis,EXCLUDED,Exact_MD5_or_MD5_Label_Conflict,4597054cdd50cfe4ea694907ae00bc83,415
/kaggle/input/datasets/safone/conjunctivitis-non-conjunctivitis/Conjunctivitis/168.jpeg,Conjunctivitis,EXCLUDED,Exact_MD5_or_MD5_Label_Conflict,c95b6c57ca00809c285e8a3b03adbc99,160
/kaggle/input/datasets/safone/conjunctivitis-non-conjunctivitis/Conjunctivitis/168.jpg,Conjunctivitis,RETAINED,None,4dd98e5ad74da4a7ad9592cd97f13de4,296
/kaggle/input/datasets/safone/conjunctivitis-non-conjunctivitis/Conjunctivitis/169.jpeg,Conjunctivitis,EXCLUDED,Exact_MD5_or_MD5_Label_Conflict,9cc614aadbb5bbca62014a1caa0304fa,172
/kaggle/input/datasets/safone/conjunctivitis-non-conjunctivitis/Conjunctivitis/169.jpg,Conjunctivitis,RETAINED,None,756fa31e201f86721c0e8fad8a50c024,210
/kaggle/input/datasets/safone/conjunctivitis-non-conjunctivitis/Conjunctivitis/17.jpg,Conjunctivitis,EXCLUDED,Exact_MD5_or_MD5_Label_Conflict,efb5654c55c3c81a23eecc2525242894,863
/kaggle/input/datasets/safone/conjunctivitis-non-conjunctivitis/Conjunctivitis/170.jpeg,Conjunctivitis,EXCLUDED,Exact_MD5_or_MD5_Label_Conflict,6d01380e07e61529a1b6605cdbe423e4,180
/kaggle/input/datasets/safone/conjunctivitis-non-conjunctivitis/Conjunctivitis/170.jpg,Conjunctivitis,RETAINED,None,4cd5ec19af84151e24eb4bf704d68cd7,252
/kaggle/input/datasets/safone/conjunctivitis-non-conjunctivitis/Conjunctivitis/171.jpeg,Conjunctivitis,EXCLUDED,Exact_MD5_or_MD5_Label_Conflict,431bbecc10a90a7ff382d87d028d0089,216
/kaggle/input/datasets/safone/conjunctivitis-non-conjunctivitis/Conjunctivitis/172.jpeg,Conjunctivitis,EXCLUDED,Exact_MD5_or_MD5_Label_Conflict,9c6f9d3f3f7b9dd35f19527c8e10bc72,406
/kaggle/input/datasets/safone/conjunctivitis-non-conjunctivitis/Conjunctivitis/173.jpeg,Conjunctivitis,EXCLUDED,Exact_MD5_or_MD5_Label_Conflict,822c85720fe1eaf82b740b9375b9076d,452
/kaggle/input/datasets/safone/conjunctivitis-non-conjunctivitis/Conjunctivitis/174.jpeg,Conjunctivitis,EXCLUDED,Exact_MD5_or_MD5_Label_Conflict,8d2c11cbb79c2591ae33da66e45d0e9d,415
/kaggle/input/datasets/safone/conjunctivitis-non-conjunctivitis/Conjunctivitis/175.jpg,Conjunctivitis,EXCLUDED,Exact_MD5_or_MD5_Label_Conflict,6901a9b5b2114a18c9339fc05191db79,183
/kaggle/input/datasets/safone/conjunctivitis-non-conjunctivitis/Conjunctivitis/176.jpg,Conjunctivitis,EXCLUDED,Exact_MD5_or_MD5_Label_Conflict,b058abd8d688ec4f97faa87342a1faf9,312
/kaggle/input/datasets/safone/conjunctivitis-non-conjunctivitis/Conjunctivitis/177.jpg,Conjunctivitis,EXCLUDED,Exact_MD5_or_MD5_Label_Conflict,e65cc5bf03d88e2be202b006f7a9deb6,300
/kaggle/input/datasets/safone/conjunctivitis-non-conjunctivitis/Conjunctivitis/178.jpg,Conjunctivitis,RETAINED,None,e55c1a2ce29970ce4aac43e48650f4ee,195
/kaggle/input/datasets/safone/conjunctivitis-non-conjunctivitis/Conjunctivitis/18.jpg,Conjunctivitis,EXCLUDED,Exact_MD5_or_MD5_Label_Conflict,1d02fb81cf6a88815856431fc62692a7,234
/kaggle/input/datasets/safone/conjunctivitis-non-conjunctivitis/Conjunctivitis/181.jpg,Conjunctivitis,RETAINED,None,74f0745925f952fefe64eaa9ba15fa98,224
/kaggle/input/datasets/safone/conjunctivitis-non-conjunctivitis/Conjunctivitis/182.jpg,Conjunctivitis,RETAINED,None,480849e1817846e20238806c7d33e375,278
/kaggle/input/datasets/safone/conjunctivitis-non-conjunctivitis/Conjunctivitis/186.jpg,Conjunctivitis,RETAINED,None,3f1f3d891044a716c81d0e6f434390f9,231
/kaggle/input/datasets/safone/conjunctivitis-non-conjunctivitis/Conjunctivitis/187.jpg,Conjunctivitis,RETAINED,None,6d819d1e624323e1c0e1741a40f8e771,186
/kaggle/input/datasets/safone/conjunctivitis-non-conjunctivitis/Conjunctivitis/188.jpg,Conjunctivitis,RETAINED,None,b98b76be5a78bc18c4f8eaa9304b7b0c,260
/kaggle/input/datasets/safone/conjunctivitis-non-conjunctivitis/Conjunctivitis/189.jpg,Conjunctivitis,RETAINED,None,fd6e08c3f35bc4c01a5178ed3fccf923,302
/kaggle/input/datasets/safone/conjunctivitis-non-conjunctivitis/Conjunctivitis/19.jpg,Conjunctivitis,EXCLUDED,Exact_MD5_or_MD5_Label_Conflict,a3b1f3986aac5479da2b17a0cca744db,200
/kaggle/input/datasets/safone/conjunctivitis-non-conjunctivitis/Conjunctivitis/190.jpg,Conjunctivitis,RETAINED,None,ff321e295bea09eef2d2ea3551d9dfb9,259
/kaggle/input/datasets/safone/conjunctivitis-non-conjunctivitis/Conjunctivitis/191.jpg,Conjunctivitis,RETAINED,None,5f4d4f68950259e0f2d2853339403796,254
/kaggle/input/datasets/safone/conjunctivitis-non-conjunctivitis/Conjunctivitis/193.jpg,Conjunctivitis,RETAINED,None,2330bf2f6c85da069a5f41e377c65e83,251
/kaggle/input/datasets/safone/conjunctivitis-non-conjunctivitis/Conjunctivitis/195.jpg,Conjunctivitis,RETAINED,None,b1f1c203e2f48d453007d2efeff2c11d,298
/kaggle/input/datasets/safone/conjunctivitis-non-conjunctivitis/Conjunctivitis/198.jpg,Conjunctivitis,RETAINED,None,a687ab26a8ea98334f20d0aa1900635d,227
/kaggle/input/datasets/safone/conjunctivitis-non-conjunctivitis/Conjunctivitis/199.jpg,Conjunctivitis,RETAINED,None,f239c192d87071b59321ab2741785671,258
/kaggle/input/datasets/safone/conjunctivitis-non-conjunctivitis/Conjunctivitis/2.jpg,Conjunctivitis,EXCLUDED,Exact_MD5_or_MD5_Label_Conflict,105f9d4c316a83b0156d5bc9b02ad85c,446
/kaggle/input/datasets/safone/conjunctivitis-non-conjunctivitis/Conjunctivitis/20.jpg,Conjunctivitis,EXCLUDED,Exact_MD5_or_MD5_Label_Conflict,ebb7d48e8a209b0eba29ff3109719501,383
/kaggle/input/datasets/safone/conjunctivitis-non-conjunctivitis/Conjunctivitis/200.jpg,Conjunctivitis,RETAINED,None,c7b5babcd3618be3c756a5b44a8e7c5e,196
/kaggle/input/datasets/safone/conjunctivitis-non-conjunctivitis/Conjunctivitis/201.jpg,Conjunctivitis,RETAINED,None,6351c855140df3a71aecdbb008209570,279
/kaggle/input/datasets/safone/conjunctivitis-non-conjunctivitis/Conjunctivitis/202.jpg,Conjunctivitis,RETAINED,None,b4542c27ff2645b760f1043d190dbbc3,234
/kaggle/input/datasets/safone/conjunctivitis-non-conjunctivitis/Conjunctivitis/203.jpg,Conjunctivitis,EXCLUDED,pHash_or_Conflict,beafacaa26b2ec1a430db5f59ba2051c,263
/kaggle/input/datasets/safone/conjunctivitis-non-conjunctivitis/Conjunctivitis/207.jpg,Conjunctivitis,RETAINED,None,76353e52c0e5dff85423026b01c17bd9,250
/kaggle/input/datasets/safone/conjunctivitis-non-conjunctivitis/Conjunctivitis/208.jpg,Conjunctivitis,RETAINED,None,1d24945a27f18af8bd659f77f3855bde,264
/kaggle/input/datasets/safone/conjunctivitis-non-conjunctivitis/Conjunctivitis/21.jpg,Conjunctivitis,EXCLUDED,Exact_MD5_or_MD5_Label_Conflict,3b58460563ecbcd8b47ade66616fc6aa,96
/kaggle/input/datasets/safone/conjunctivitis-non-conjunctivitis/Conjunctivitis/215.jpg,Conjunctivitis,RETAINED,None,dc18221cfdb7ce477dedbe47c4f1cfb4,171
/kaggle/input/datasets/safone/conjunctivitis-non-conjunctivitis/Conjunctivitis/216.jpg,Conjunctivitis,RETAINED,None,3cd40ec8212da63223f66556ec6077a7,277
/kaggle/input/datasets/safone/conjunctivitis-non-conjunctivitis/Conjunctivitis/22.jpg,Conjunctivitis,EXCLUDED,Exact_MD5_or_MD5_Label_Conflict,5bd3cdf43d068434af03b093b59d7b95,862
/kaggle/input/datasets/safone/conjunctivitis-non-conjunctivitis/Conjunctivitis/223.jpg,Conjunctivitis,RETAINED,None,ec691cd9f18cf2f86dbc791495e3e844,275
/kaggle/input/datasets/safone/conjunctivitis-non-conjunctivitis/Conjunctivitis/228.jpg,Conjunctivitis,RETAINED,None,6ccbdcf69755f70efaf1172d794a1159,214
/kaggle/input/datasets/safone/conjunctivitis-non-conjunctivitis/Conjunctivitis/229.jpg,Conjunctivitis,RETAINED,None,b3f405c4ef8b95b521cae3adc98310c4,194
/kaggle/input/datasets/safone/conjunctivitis-non-conjunctivitis/Conjunctivitis/23.jpg,Conjunctivitis,EXCLUDED,Exact_MD5_or_MD5_Label_Conflict,00f98d2349153b78ddb16aeb4f3db4d8,114
/kaggle/input/datasets/safone/conjunctivitis-non-conjunctivitis/Conjunctivitis/231.jpg,Conjunctivitis,RETAINED,None,27a907bf0729a2e33a522ee0299f32c3,137
/kaggle/input/datasets/safone/conjunctivitis-non-conjunctivitis/Conjunctivitis/233.jpg,Conjunctivitis,RETAINED,None,27d8951778798c26dd5d024f61c250f4,294
/kaggle/input/datasets/safone/conjunctivitis-non-conjunctivitis/Conjunctivitis/234.jpg,Conjunctivitis,RETAINED,None,e79ee0af0bc074c208155d9a0a7a085a,255
/kaggle/input/datasets/safone/conjunctivitis-non-conjunctivitis/Conjunctivitis/235.jpg,Conjunctivitis,RETAINED,None,494797a5baab6af7672683e4bd030edb,239
/kaggle/input/datasets/safone/conjunctivitis-non-conjunctivitis/Conjunctivitis/236.jpg,Conjunctivitis,RETAINED,None,fa440a15a3ba990a845ddf0e9c8c85fc,238
/kaggle/input/datasets/safone/conjunctivitis-non-conjunctivitis/Conjunctivitis/237.jpg,Conjunctivitis,RETAINED,None,54b1995b52e22bb53546c04331d510f1,267
/kaggle/input/datasets/safone/conjunctivitis-non-conjunctivitis/Conjunctivitis/238.jpg,Conjunctivitis,RETAINED,None,6c5cce3c0e38552c2b7a8879180570af,254
/kaggle/input/datasets/safone/conjunctivitis-non-conjunctivitis/Conjunctivitis/239.jpg,Conjunctivitis,RETAINED,None,89a3c952bec7fa93adf44c21621a90f9,245
/kaggle/input/datasets/safone/conjunctivitis-non-conjunctivitis/Conjunctivitis/24.jpg,Conjunctivitis,EXCLUDED,Exact_MD5_or_MD5_Label_Conflict,ff85e5574b2f99ad58a7a42101b66c80,251
/kaggle/input/datasets/safone/conjunctivitis-non-conjunctivitis/Conjunctivitis/240.jpg,Conjunctivitis,RETAINED,None,83963c8f5fa93edae8bc7b15b19a89c4,239
/kaggle/input/datasets/safone/conjunctivitis-non-conjunctivitis/Conjunctivitis/241.jpg,Conjunctivitis,RETAINED,None,78590d70e9a74f574bb41e903e47f6f7,242
/kaggle/input/datasets/safone/conjunctivitis-non-conjunctivitis/Conjunctivitis/242.jpg,Conjunctivitis,RETAINED,None,3cf9822b17fc9c59e2b88dc5d987e424,176
/kaggle/input/datasets/safone/conjunctivitis-non-conjunctivitis/Conjunctivitis/244.jpg,Conjunctivitis,RETAINED,None,8ea67a8bb7d92b2eea46242f5c1db87f,252
/kaggle/input/datasets/safone/conjunctivitis-non-conjunctivitis/Conjunctivitis/245.jpg,Conjunctivitis,RETAINED,None,d8206971d7ff718951304b8cdd12134f,251
/kaggle/input/datasets/safone/conjunctivitis-non-conjunctivitis/Conjunctivitis/246.jpg,Conjunctivitis,RETAINED,None,6af8697b8686c15c5b5f9f7f6099335d,263
/kaggle/input/datasets/safone/conjunctivitis-non-conjunctivitis/Conjunctivitis/247.jpg,Conjunctivitis,RETAINED,None,3ba55735d5af077d7a1a77531aa6a241,229
/kaggle/input/datasets/safone/conjunctivitis-non-conjunctivitis/Conjunctivitis/248.jpg,Conjunctivitis,RETAINED,None,490bf5924a0f891b77870d68fa2b6475,242
/kaggle/input/datasets/safone/conjunctivitis-non-conjunctivitis/Conjunctivitis/249.jpg,Conjunctivitis,RETAINED,None,78b618d31ef24d9435777886186eb9fd,251
/kaggle/input/datasets/safone/conjunctivitis-non-conjunctivitis/Conjunctivitis/25.jpg,Conjunctivitis,EXCLUDED,Exact_MD5_or_MD5_Label_Conflict,17dd0335f08b12f6e308f8a3be7e92b5,169
/kaggle/input/datasets/safone/conjunctivitis-non-conjunctivitis/Conjunctivitis/250.jpg,Conjunctivitis,RETAINED,None,54681474692f521e81ac6fdf9a20a748,258
/kaggle/input/datasets/safone/conjunctivitis-non-conjunctivitis/Conjunctivitis/251.jpg,Conjunctivitis,RETAINED,None,7a840ce885933c2eb1efcade8a5f46f0,253
/kaggle/input/datasets/safone/conjunctivitis-non-conjunctivitis/Conjunctivitis/256.jpg,Conjunctivitis,RETAINED,None,d53257cec82334e440ef54387e13931b,277
/kaggle/input/datasets/safone/conjunctivitis-non-conjunctivitis/Conjunctivitis/257.jpg,Conjunctivitis,RETAINED,None,d3432bdeaf07998e597882756a22ae80,234
/kaggle/input/datasets/safone/conjunctivitis-non-conjunctivitis/Conjunctivitis/258.jpg,Conjunctivitis,RETAINED,None,c9d49acfe2569666ac2f390ede273edd,243
/kaggle/input/datasets/safone/conjunctivitis-non-conjunctivitis/Conjunctivitis/259.jpg,Conjunctivitis,RETAINED,None,8f8a1f51f30b13bf84e1492b4ffea56e,242
/kaggle/input/datasets/safone/conjunctivitis-non-conjunctivitis/Conjunctivitis/26.jpg,Conjunctivitis,EXCLUDED,Exact_MD5_or_MD5_Label_Conflict,b3b14007283bbf7dac686a0cd4e7f5c7,233
/kaggle/input/datasets/safone/conjunctivitis-non-conjunctivitis/Conjunctivitis/260.jpg,Conjunctivitis,RETAINED,None,b8fed38e725ce671e4de9f69e3c078a4,233
/kaggle/input/datasets/safone/conjunctivitis-non-conjunctivitis/Conjunctivitis/261.jpg,Conjunctivitis,RETAINED,None,857364f1d58a60aff6d6bec28b89a6c7,241
/kaggle/input/datasets/safone/conjunctivitis-non-conjunctivitis/Conjunctivitis/262.jpg,Conjunctivitis,RETAINED,None,824e05cf548e39c7d2c115a33abbf63d,197
/kaggle/input/datasets/safone/conjunctivitis-non-conjunctivitis/Conjunctivitis/263.jpg,Conjunctivitis,RETAINED,None,089fb99c9812da1e94efc55ad5c0c47b,241
/kaggle/input/datasets/safone/conjunctivitis-non-conjunctivitis/Conjunctivitis/265.jpg,Conjunctivitis,RETAINED,None,491ace62220e4cdbb9f0fe44cab0e966,244
/kaggle/input/datasets/safone/conjunctivitis-non-conjunctivitis/Conjunctivitis/266.jpg,Conjunctivitis,RETAINED,None,120a8dfb28ce126fb7762d9ed5d40a0f,273
/kaggle/input/datasets/safone/conjunctivitis-non-conjunctivitis/Conjunctivitis/267.jpg,Conjunctivitis,RETAINED,None,9339e475bb13bb51fe64e2613d809233,271
/kaggle/input/datasets/safone/conjunctivitis-non-conjunctivitis/Conjunctivitis/268.jpg,Conjunctivitis,RETAINED,None,761594d3673ac47456538b88283cb9c8,271
/kaggle/input/datasets/safone/conjunctivitis-non-conjunctivitis/Conjunctivitis/27.jpg,Conjunctivitis,EXCLUDED,Exact_MD5_or_MD5_Label_Conflict,18dcf0f0da83f203ed56576fd45923f1,356
/kaggle/input/datasets/safone/conjunctivitis-non-conjunctivitis/Conjunctivitis/271.jpg,Conjunctivitis,RETAINED,None,296edf65b24fa2821facddb2302f3ce3,269
/kaggle/input/datasets/safone/conjunctivitis-non-conjunctivitis/Conjunctivitis/272.jpg,Conjunctivitis,RETAINED,None,51806005794981e56cb35fbbb182ccbc,295
/kaggle/input/datasets/safone/conjunctivitis-non-conjunctivitis/Conjunctivitis/273.jpg,Conjunctivitis,RETAINED,None,39bcf66b53c8356cdfd7a12f32e623c8,248
/kaggle/input/datasets/safone/conjunctivitis-non-conjunctivitis/Conjunctivitis/274.jpg,Conjunctivitis,RETAINED,None,8c3dce7e028e66284fa6ead32a63c815,230
/kaggle/input/datasets/safone/conjunctivitis-non-conjunctivitis/Conjunctivitis/275.jpg,Conjunctivitis,RETAINED,None,5f430332edc10ca4f40cf2befcd0e431,215
/kaggle/input/datasets/safone/conjunctivitis-non-conjunctivitis/Conjunctivitis/276.jpg,Conjunctivitis,RETAINED,None,2da7cd165b9c79e76b239e6d59f086c3,255
/kaggle/input/datasets/safone/conjunctivitis-non-conjunctivitis/Conjunctivitis/277.jpg,Conjunctivitis,RETAINED,None,46fd670fcda66c0ff2e70e074a17b8ef,255
/kaggle/input/datasets/safone/conjunctivitis-non-conjunctivitis/Conjunctivitis/279.jpg,Conjunctivitis,RETAINED,None,ed17efedb3da048a0f9c1c14e9a689d2,249
/kaggle/input/datasets/safone/conjunctivitis-non-conjunctivitis/Conjunctivitis/28.jpg,Conjunctivitis,EXCLUDED,Exact_MD5_or_MD5_Label_Conflict,8fa99da817053c3e2511dbbd5f0c5d7c,183
/kaggle/input/datasets/safone/conjunctivitis-non-conjunctivitis/Conjunctivitis/280.jpg,Conjunctivitis,RETAINED,None,fbaa9c64b2ee0080f9fbe93bf045abb3,265
/kaggle/input/datasets/safone/conjunctivitis-non-conjunctivitis/Conjunctivitis/281.jpg,Conjunctivitis,RETAINED,None,62f8929b226abc40975b4458e54b3b03,268
/kaggle/input/datasets/safone/conjunctivitis-non-conjunctivitis/Conjunctivitis/282.jpg,Conjunctivitis,RETAINED,None,408789333bff17aecec14940f25e3190,244
/kaggle/input/datasets/safone/conjunctivitis-non-conjunctivitis/Conjunctivitis/283.jpg,Conjunctivitis,RETAINED,None,4d7f4ab1f592da89fc84a854c51890cb,260
/kaggle/input/datasets/safone/conjunctivitis-non-conjunctivitis/Conjunctivitis/287.jpg,Conjunctivitis,RETAINED,None,3fe306c813e1c6c6ef2e46b09c231269,302
/kaggle/input/datasets/safone/conjunctivitis-non-conjunctivitis/Conjunctivitis/288.jpg,Conjunctivitis,RETAINED,None,696bdd68a25ff5b5b08ca28a77a56502,301
/kaggle/input/datasets/safone/conjunctivitis-non-conjunctivitis/Conjunctivitis/29.jpg,Conjunctivitis,EXCLUDED,Exact_MD5_or_MD5_Label_Conflict,2d750a27bb48fcebaae8d3621b5f4dc2,183
/kaggle/input/datasets/safone/conjunctivitis-non-conjunctivitis/Conjunctivitis/291.jpg,Conjunctivitis,RETAINED,None,0bddcd694f9a5d3d2e75d815b4be4877,252
/kaggle/input/datasets/safone/conjunctivitis-non-conjunctivitis/Conjunctivitis/292.jpg,Conjunctivitis,RETAINED,None,78b3cce8f2484413c27df88635a045d0,282
/kaggle/input/datasets/safone/conjunctivitis-non-conjunctivitis/Conjunctivitis/293.jpg,Conjunctivitis,RETAINED,None,76fdec4ee869b994d3c38423c0ddfe09,274
/kaggle/input/datasets/safone/conjunctivitis-non-conjunctivitis/Conjunctivitis/294.jpg,Conjunctivitis,RETAINED,None,3088655dcb761c6137eba4fc9e1ccc95,262
/kaggle/input/datasets/safone/conjunctivitis-non-conjunctivitis/Conjunctivitis/295.jpg,Conjunctivitis,RETAINED,None,11b3b85c8497df36fbb170f56f025cf3,272
/kaggle/input/datasets/safone/conjunctivitis-non-conjunctivitis/Conjunctivitis/296.jpg,Conjunctivitis,RETAINED,None,30d425b5165c4c797c3286337816f3df,272
/kaggle/input/datasets/safone/conjunctivitis-non-conjunctivitis/Conjunctivitis/297.jpg,Conjunctivitis,RETAINED,None,a7a39328a97aacb71fc4a67302d7c1e5,301
/kaggle/input/datasets/safone/conjunctivitis-non-conjunctivitis/Conjunctivitis/298.jpg,Conjunctivitis,RETAINED,None,7ca92cff28a45ef8e3bd4f09b1b3e4ef,280
/kaggle/input/datasets/safone/conjunctivitis-non-conjunctivitis/Conjunctivitis/299.jpg,Conjunctivitis,RETAINED,None,695302273b9ca68608784bac1ca86b89,275
/kaggle/input/datasets/safone/conjunctivitis-non-conjunctivitis/Conjunctivitis/3.jpg,Conjunctivitis,EXCLUDED,Exact_MD5_or_MD5_Label_Conflict,8d00d8e4fa08fe6d9aaa8121211c3a26,415
/kaggle/input/datasets/safone/conjunctivitis-non-conjunctivitis/Conjunctivitis/30.jpg,Conjunctivitis,EXCLUDED,Exact_MD5_or_MD5_Label_Conflict,50c3928705aefec2bc63e3b111e6bf8b,193
/kaggle/input/datasets/safone/conjunctivitis-non-conjunctivitis/Conjunctivitis/301.jpg,Conjunctivitis,RETAINED,None,6755c6b9bfa151b35a67d75a630e18bc,240
/kaggle/input/datasets/safone/conjunctivitis-non-conjunctivitis/Conjunctivitis/302.jpg,Conjunctivitis,RETAINED,None,1ffaf58a4de7ee3ed415cfe9ed1e9d3d,258
/kaggle/input/datasets/safone/conjunctivitis-non-conjunctivitis/Conjunctivitis/303.jpg,Conjunctivitis,RETAINED,None,05ada5339b2ddba1540e8cebf6640fc7,255
/kaggle/input/datasets/safone/conjunctivitis-non-conjunctivitis/Conjunctivitis/304.jpg,Conjunctivitis,RETAINED,None,a8c0816acab94adefa016d34f287159a,225
/kaggle/input/datasets/safone/conjunctivitis-non-conjunctivitis/Conjunctivitis/309.jpg,Conjunctivitis,RETAINED,None,b67c031dcc98e01ef52b154576a279f7,275
/kaggle/input/datasets/safone/conjunctivitis-non-conjunctivitis/Conjunctivitis/31.jpg,Conjunctivitis,EXCLUDED,Exact_MD5_or_MD5_Label_Conflict,c91b6a1e2b4fbc833f1d4e9f3c3c01df,722
/kaggle/input/datasets/safone/conjunctivitis-non-conjunctivitis/Conjunctivitis/310.jpg,Conjunctivitis,RETAINED,None,89526ce880e1629c1869246c203fe9f7,315
/kaggle/input/datasets/safone/conjunctivitis-non-conjunctivitis/Conjunctivitis/311.jpg,Conjunctivitis,RETAINED,None,907ed3b66c913b9052ca1297a1d8ac35,249
/kaggle/input/datasets/safone/conjunctivitis-non-conjunctivitis/Conjunctivitis/312.jpg,Conjunctivitis,RETAINED,None,6fbb6ab9aa1b43d7a61747e3a037a8f6,192
/kaggle/input/datasets/safone/conjunctivitis-non-conjunctivitis/Conjunctivitis/313.jpg,Conjunctivitis,RETAINED,None,56284fa676745305a6c1839b5fcb92fd,260
/kaggle/input/datasets/safone/conjunctivitis-non-conjunctivitis/Conjunctivitis/314.jpg,Conjunctivitis,RETAINED,None,e3b38faf9d924e610145d0151a84383c,254
/kaggle/input/datasets/safone/conjunctivitis-non-conjunctivitis/Conjunctivitis/315.jpg,Conjunctivitis,RETAINED,None,8b159371ab8ffa03cd5ffdd5b4e16c5a,243
/kaggle/input/datasets/safone/conjunctivitis-non-conjunctivitis/Conjunctivitis/316.jpg,Conjunctivitis,RETAINED,None,f1a4364889fd764c4d0ffcaa7d6d414d,253
/kaggle/input/datasets/safone/conjunctivitis-non-conjunctivitis/Conjunctivitis/317.jpg,Conjunctivitis,RETAINED,None,1cf56cff299ae09f7803c5effae65d41,236
/kaggle/input/datasets/safone/conjunctivitis-non-conjunctivitis/Conjunctivitis/318.jpg,Conjunctivitis,RETAINED,None,8d5f40d15071f296c7fc9e6fe31008b5,256
/kaggle/input/datasets/safone/conjunctivitis-non-conjunctivitis/Conjunctivitis/319.jpg,Conjunctivitis,RETAINED,None,aef03ba5f98cc473d5636c386299316b,296
/kaggle/input/datasets/safone/conjunctivitis-non-conjunctivitis/Conjunctivitis/32.jpg,Conjunctivitis,EXCLUDED,Exact_MD5_or_MD5_Label_Conflict,093e9b8562805c7ca22e8e8d7c25d078,788
/kaggle/input/datasets/safone/conjunctivitis-non-conjunctivitis/Conjunctivitis/320.jpg,Conjunctivitis,RETAINED,None,a6b86ab04df13cd05e68f46f64ce89ee,272
/kaggle/input/datasets/safone/conjunctivitis-non-conjunctivitis/Conjunctivitis/322.jpg,Conjunctivitis,RETAINED,None,55faa5064887d96fc4f161bdfa5fbc92,269
/kaggle/input/datasets/safone/conjunctivitis-non-conjunctivitis/Conjunctivitis/323.jpg,Conjunctivitis,RETAINED,None,25dddd89112e32e305a07e5b2de77686,254
/kaggle/input/datasets/safone/conjunctivitis-non-conjunctivitis/Conjunctivitis/324.jpg,Conjunctivitis,RETAINED,None,f7174ab01941ddec3af6bb781645f365,244
/kaggle/input/datasets/safone/conjunctivitis-non-conjunctivitis/Conjunctivitis/325.jpg,Conjunctivitis,EXCLUDED,pHash_or_Conflict,1507614a9d4adf3720530e6bd018f322,239
/kaggle/input/datasets/safone/conjunctivitis-non-conjunctivitis/Conjunctivitis/326.jpg,Conjunctivitis,RETAINED,None,36665dcafb37b0c60ad961068f9b81f7,257
/kaggle/input/datasets/safone/conjunctivitis-non-conjunctivitis/Conjunctivitis/327.jpg,Conjunctivitis,RETAINED,None,dbed1bd12db91ab811085270aedb634b,251
/kaggle/input/datasets/safone/conjunctivitis-non-conjunctivitis/Conjunctivitis/328.jpg,Conjunctivitis,RETAINED,None,58d37ffadf4c7a8495cc1932a06e3dcb,252
/kaggle/input/datasets/safone/conjunctivitis-non-conjunctivitis/Conjunctivitis/329.jpg,Conjunctivitis,RETAINED,None,8b843ef5f373582722a6e522eefc5de4,229
/kaggle/input/datasets/safone/conjunctivitis-non-conjunctivitis/Conjunctivitis/33.jpg,Conjunctivitis,EXCLUDED,Exact_MD5_or_MD5_Label_Conflict,9f97bd2617d99c0d659b1c3513b8c552,532
/kaggle/input/datasets/safone/conjunctivitis-non-conjunctivitis/Conjunctivitis/330.jpg,Conjunctivitis,RETAINED,None,9e755c85632305718f00cc8eae753994,231
/kaggle/input/datasets/safone/conjunctivitis-non-conjunctivitis/Conjunctivitis/331.jpg,Conjunctivitis,RETAINED,None,6944053bd603c0c49e0412fd15d9e2e8,246
/kaggle/input/datasets/safone/conjunctivitis-non-conjunctivitis/Conjunctivitis/332.jpg,Conjunctivitis,RETAINED,None,c51348638d8bad2ec8afb98dcbaaa993,251
/kaggle/input/datasets/safone/conjunctivitis-non-conjunctivitis/Conjunctivitis/333.jpg,Conjunctivitis,RETAINED,None,926458f15df7fc2411ba377baa66641a,226
/kaggle/input/datasets/safone/conjunctivitis-non-conjunctivitis/Conjunctivitis/334.jpg,Conjunctivitis,RETAINED,None,5d2c3fb769ffae441ad870e393627101,229
/kaggle/input/datasets/safone/conjunctivitis-non-conjunctivitis/Conjunctivitis/335.jpg,Conjunctivitis,RETAINED,None,4c9ed04ad4be59ac877712074fc6ec71,275
/kaggle/input/datasets/safone/conjunctivitis-non-conjunctivitis/Conjunctivitis/34.jpg,Conjunctivitis,EXCLUDED,Exact_MD5_or_MD5_Label_Conflict,017cd9383ce14fc58d51dcee101001a3,184
/kaggle/input/datasets/safone/conjunctivitis-non-conjunctivitis/Conjunctivitis/35.jpg,Conjunctivitis,EXCLUDED,Exact_MD5_or_MD5_Label_Conflict,c06d5e5a475fa5d12851c1811c53a219,194
/kaggle/input/datasets/safone/conjunctivitis-non-conjunctivitis/Conjunctivitis/356.jpg,Conjunctivitis,RETAINED,None,a59dd70badaf670c981ff73eef4f7648,260
/kaggle/input/datasets/safone/conjunctivitis-non-conjunctivitis/Conjunctivitis/357.jpg,Conjunctivitis,RETAINED,None,ed75f4faba869e9b72ed43fde86a6cc3,263
/kaggle/input/datasets/safone/conjunctivitis-non-conjunctivitis/Conjunctivitis/358.jpg,Conjunctivitis,RETAINED,None,989c0c8ad48fa4abb0aebfeb0ad9ff0a,256
/kaggle/input/datasets/safone/conjunctivitis-non-conjunctivitis/Conjunctivitis/359.jpg,Conjunctivitis,RETAINED,None,3054205230f551403ce9e2e46226306c,308
/kaggle/input/datasets/safone/conjunctivitis-non-conjunctivitis/Conjunctivitis/36.jpg,Conjunctivitis,EXCLUDED,Exact_MD5_or_MD5_Label_Conflict,ce1f2aadc69d92d0af9cde7e4a95b37d,184
/kaggle/input/datasets/safone/conjunctivitis-non-conjunctivitis/Conjunctivitis/360.jpg,Conjunctivitis,RETAINED,None,5b540e96ef826f68d96745e7551656a1,264
/kaggle/input/datasets/safone/conjunctivitis-non-conjunctivitis/Conjunctivitis/361.jpg,Conjunctivitis,RETAINED,None,ce2e9839146ee037c3dc811146d6796c,293
/kaggle/input/datasets/safone/conjunctivitis-non-conjunctivitis/Conjunctivitis/362.jpg,Conjunctivitis,EXCLUDED,pHash_or_Conflict,aca82371597f5934287df2189f6ee49a,321
/kaggle/input/datasets/safone/conjunctivitis-non-conjunctivitis/Conjunctivitis/363.jpg,Conjunctivitis,RETAINED,None,971a5bcbbaf2cc57ffb827c7b19a25eb,376
/kaggle/input/datasets/safone/conjunctivitis-non-conjunctivitis/Conjunctivitis/364.jpg,Conjunctivitis,RETAINED,None,26eaf8ea5fceb43aa6718473e029f260,290
/kaggle/input/datasets/safone/conjunctivitis-non-conjunctivitis/Conjunctivitis/365.jpg,Conjunctivitis,RETAINED,None,bc7b3850bb4488b3aaddc60eeef677dc,292
/kaggle/input/datasets/safone/conjunctivitis-non-conjunctivitis/Conjunctivitis/366.jpg,Conjunctivitis,RETAINED,None,d4758f4a42468ef061ea028559f401ae,286
/kaggle/input/datasets/safone/conjunctivitis-non-conjunctivitis/Conjunctivitis/367.jpg,Conjunctivitis,RETAINED,None,659283361691a573c5a6119e8777e88b,315
/kaggle/input/datasets/safone/conjunctivitis-non-conjunctivitis/Conjunctivitis/368.jpg,Conjunctivitis,RETAINED,None,3ab620c3d21928417901e10b641ed792,270
/kaggle/input/datasets/safone/conjunctivitis-non-conjunctivitis/Conjunctivitis/369.jpg,Conjunctivitis,RETAINED,None,bebc93049a0e1ada37e3c18c2a2c50ac,280
/kaggle/input/datasets/safone/conjunctivitis-non-conjunctivitis/Conjunctivitis/37.jpg,Conjunctivitis,EXCLUDED,Exact_MD5_or_MD5_Label_Conflict,56c2302ab78501294ce71d955de5637a,360
/kaggle/input/datasets/safone/conjunctivitis-non-conjunctivitis/Conjunctivitis/370.jpg,Conjunctivitis,RETAINED,None,e1cc591438ea7f5d5be2881be39b35e6,273
/kaggle/input/datasets/safone/conjunctivitis-non-conjunctivitis/Conjunctivitis/372.jpg,Conjunctivitis,RETAINED,None,7b4109573a268c681e2105ca93a9fd10,271
/kaggle/input/datasets/safone/conjunctivitis-non-conjunctivitis/Conjunctivitis/373.jpg,Conjunctivitis,RETAINED,None,7e6ab86fc3f79b138d4551f3395f4e7e,278
/kaggle/input/datasets/safone/conjunctivitis-non-conjunctivitis/Conjunctivitis/374.jpg,Conjunctivitis,RETAINED,None,e5c3efe1f185de7f8451bf339bf2672b,269
/kaggle/input/datasets/safone/conjunctivitis-non-conjunctivitis/Conjunctivitis/375.jpg,Conjunctivitis,RETAINED,None,deea0aa17fe56e59e2cbd526a90a1fde,297
/kaggle/input/datasets/safone/conjunctivitis-non-conjunctivitis/Conjunctivitis/376.jpg,Conjunctivitis,RETAINED,None,e1a55288a8ecdb358ecaa6e59511e625,267
/kaggle/input/datasets/safone/conjunctivitis-non-conjunctivitis/Conjunctivitis/377.jpg,Conjunctivitis,RETAINED,None,d14f43cb5667457aa790de53b2f2a0c5,275
/kaggle/input/datasets/safone/conjunctivitis-non-conjunctivitis/Conjunctivitis/378.jpg,Conjunctivitis,RETAINED,None,60f3dd043fe28b4b8034a7378ffce783,254
/kaggle/input/datasets/safone/conjunctivitis-non-conjunctivitis/Conjunctivitis/379.jpg,Conjunctivitis,RETAINED,None,c637ccf9e372d4c2fe00428edcf13791,265
/kaggle/input/datasets/safone/conjunctivitis-non-conjunctivitis/Conjunctivitis/38.jpg,Conjunctivitis,EXCLUDED,Exact_MD5_or_MD5_Label_Conflict,31ba873d80b0ac22b3d9fc022bcce6e9,406
/kaggle/input/datasets/safone/conjunctivitis-non-conjunctivitis/Conjunctivitis/380.jpg,Conjunctivitis,RETAINED,None,51139e92ddbbfc332bb77d1f34688ce4,248
/kaggle/input/datasets/safone/conjunctivitis-non-conjunctivitis/Conjunctivitis/381.jpg,Conjunctivitis,RETAINED,None,736cc7a922dc951a097a10ff2d674aec,240
/kaggle/input/datasets/safone/conjunctivitis-non-conjunctivitis/Conjunctivitis/382.jpg,Conjunctivitis,RETAINED,None,a1776ce713001b98356ee2a3254a8ad4,271
/kaggle/input/datasets/safone/conjunctivitis-non-conjunctivitis/Conjunctivitis/383.jpg,Conjunctivitis,RETAINED,None,112e52104207629abfc6c883a8ae4b85,250
/kaggle/input/datasets/safone/conjunctivitis-non-conjunctivitis/Conjunctivitis/384.jpg,Conjunctivitis,RETAINED,None,94dc0507434a759d1a0c46dd62c0567c,263
/kaggle/input/datasets/safone/conjunctivitis-non-conjunctivitis/Conjunctivitis/385.jpg,Conjunctivitis,RETAINED,None,678adeb7d8e047f6271e16d61dd92ead,261
/kaggle/input/datasets/safone/conjunctivitis-non-conjunctivitis/Conjunctivitis/386.jpg,Conjunctivitis,RETAINED,None,231ffcc16cbb218636c1cad7263154a0,277
/kaggle/input/datasets/safone/conjunctivitis-non-conjunctivitis/Conjunctivitis/387.jpg,Conjunctivitis,RETAINED,None,2c1dedc5ce22106aadd03ed36846f1c1,237
/kaggle/input/datasets/safone/conjunctivitis-non-conjunctivitis/Conjunctivitis/388.jpg,Conjunctivitis,RETAINED,None,aa03e8bd9781960e8d8fa3e28cc8eb00,258
/kaggle/input/datasets/safone/conjunctivitis-non-conjunctivitis/Conjunctivitis/389.jpg,Conjunctivitis,RETAINED,None,70e5e63de3e9e1c0879d6c98541571cb,258
/kaggle/input/datasets/safone/conjunctivitis-non-conjunctivitis/Conjunctivitis/39.jpg,Conjunctivitis,EXCLUDED,Exact_MD5_or_MD5_Label_Conflict,8f5528b3e7632996e023107013b0cb03,139
/kaggle/input/datasets/safone/conjunctivitis-non-conjunctivitis/Conjunctivitis/390.jpg,Conjunctivitis,RETAINED,None,8445d3292a247566c851dace2fd67cd7,254
/kaggle/input/datasets/safone/conjunctivitis-non-conjunctivitis/Conjunctivitis/391.jpg,Conjunctivitis,RETAINED,None,5c44ed56d41c8e669a22207d0cab33cc,261
/kaggle/input/datasets/safone/conjunctivitis-non-conjunctivitis/Conjunctivitis/392.jpg,Conjunctivitis,RETAINED,None,a747e43500c0a10682e596a9dc1673b3,257
/kaggle/input/datasets/safone/conjunctivitis-non-conjunctivitis/Conjunctivitis/393.jpg,Conjunctivitis,RETAINED,None,ac9be06f3a2481c854a848c60035588b,248
/kaggle/input/datasets/safone/conjunctivitis-non-conjunctivitis/Conjunctivitis/395.jpg,Conjunctivitis,RETAINED,None,c8da11cde003e7dbfe5659a09abf267c,258
/kaggle/input/datasets/safone/conjunctivitis-non-conjunctivitis/Conjunctivitis/397.jpg,Conjunctivitis,RETAINED,None,ad4f27ee14fa2d23456dd03e42fd0be5,240
/kaggle/input/datasets/safone/conjunctivitis-non-conjunctivitis/Conjunctivitis/398.jpg,Conjunctivitis,RETAINED,None,5186e3372cb3157ef163ba42fa2084fa,251
/kaggle/input/datasets/safone/conjunctivitis-non-conjunctivitis/Conjunctivitis/399.jpg,Conjunctivitis,RETAINED,None,f84833e038ba86b6e545a2826e466b81,261
/kaggle/input/datasets/safone/conjunctivitis-non-conjunctivitis/Conjunctivitis/4.jpg,Conjunctivitis,EXCLUDED,Exact_MD5_or_MD5_Label_Conflict,073d7041fc3f5f575dd5fe729dd20558,648
/kaggle/input/datasets/safone/conjunctivitis-non-conjunctivitis/Conjunctivitis/40.jpg,Conjunctivitis,EXCLUDED,Exact_MD5_or_MD5_Label_Conflict,7563aba7e6c8dc5c71b9217d77aab5d0,308
/kaggle/input/datasets/safone/conjunctivitis-non-conjunctivitis/Conjunctivitis/400.jpg,Conjunctivitis,RETAINED,None,2e677fc6fad8057910253b147aee1df6,267
/kaggle/input/datasets/safone/conjunctivitis-non-conjunctivitis/Conjunctivitis/401.jpg,Conjunctivitis,RETAINED,None,e0ac2fa95b729b5c09f9bbcbdaa3345a,277
/kaggle/input/datasets/safone/conjunctivitis-non-conjunctivitis/Conjunctivitis/402.jpg,Conjunctivitis,RETAINED,None,b443df2b33ac47591016b236d55f2e8b,232
/kaggle/input/datasets/safone/conjunctivitis-non-conjunctivitis/Conjunctivitis/403.jpg,Conjunctivitis,RETAINED,None,641a89cff31c1c2c04718d25fad40695,280
/kaggle/input/datasets/safone/conjunctivitis-non-conjunctivitis/Conjunctivitis/404.jpg,Conjunctivitis,RETAINED,None,a124495a88055909b27f2124ff423c76,257
/kaggle/input/datasets/safone/conjunctivitis-non-conjunctivitis/Conjunctivitis/405.jpg,Conjunctivitis,RETAINED,None,8a6f6baab4387ef6193a863cebc938a3,266
/kaggle/input/datasets/safone/conjunctivitis-non-conjunctivitis/Conjunctivitis/406.jpg,Conjunctivitis,RETAINED,None,0bf1f87f2514e09bfa81d10ec3d36c7f,302
/kaggle/input/datasets/safone/conjunctivitis-non-conjunctivitis/Conjunctivitis/407.jpg,Conjunctivitis,RETAINED,None,41006fc5e2bcad99e6cc075313892d8a,277
/kaggle/input/datasets/safone/conjunctivitis-non-conjunctivitis/Conjunctivitis/408.jpg,Conjunctivitis,RETAINED,None,bf75628f2c4a7fa99e1c71feab0690a3,277
/kaggle/input/datasets/safone/conjunctivitis-non-conjunctivitis/Conjunctivitis/409.jpg,Conjunctivitis,RETAINED,None,2c2bbfac4239f40ab7db1abc21c9956f,332
/kaggle/input/datasets/safone/conjunctivitis-non-conjunctivitis/Conjunctivitis/41.jpg,Conjunctivitis,EXCLUDED,Exact_MD5_or_MD5_Label_Conflict,a787a33c5ac800296db9bb96160ad57f,56
/kaggle/input/datasets/safone/conjunctivitis-non-conjunctivitis/Conjunctivitis/411.jpg,Conjunctivitis,RETAINED,None,42895d7b0e6c8c768705b97aeee36b08,314
/kaggle/input/datasets/safone/conjunctivitis-non-conjunctivitis/Conjunctivitis/412.jpg,Conjunctivitis,RETAINED,None,f4e6b85322b4ebe2445a86abdd123e2f,251
/kaggle/input/datasets/safone/conjunctivitis-non-conjunctivitis/Conjunctivitis/413.jpg,Conjunctivitis,RETAINED,None,cb936be9de0325e97debeda934e0f19c,237
/kaggle/input/datasets/safone/conjunctivitis-non-conjunctivitis/Conjunctivitis/414.jpg,Conjunctivitis,RETAINED,None,2554029650432731119726cd1c4b2c97,243
/kaggle/input/datasets/safone/conjunctivitis-non-conjunctivitis/Conjunctivitis/415.jpg,Conjunctivitis,RETAINED,None,f0ea329927c889611f3a8166f9542825,271
/kaggle/input/datasets/safone/conjunctivitis-non-conjunctivitis/Conjunctivitis/416.jpg,Conjunctivitis,RETAINED,None,d057c77c6c59e934010979abe8e78303,285
/kaggle/input/datasets/safone/conjunctivitis-non-conjunctivitis/Conjunctivitis/419.jpg,Conjunctivitis,RETAINED,None,7f2b12291d8a9cff086606ec0cc4cfd7,273
/kaggle/input/datasets/safone/conjunctivitis-non-conjunctivitis/Conjunctivitis/42.jpg,Conjunctivitis,EXCLUDED,Exact_MD5_or_MD5_Label_Conflict,082249fedc75e067bfc52a28bf2083dd,667
/kaggle/input/datasets/safone/conjunctivitis-non-conjunctivitis/Conjunctivitis/421.jpg,Conjunctivitis,RETAINED,None,f36177fc490f06e9b39e94b350dca8e7,263
/kaggle/input/datasets/safone/conjunctivitis-non-conjunctivitis/Conjunctivitis/424.jpg,Conjunctivitis,RETAINED,None,6d7856b2a7f4d5911d9ff0188a48c8cb,275
/kaggle/input/datasets/safone/conjunctivitis-non-conjunctivitis/Conjunctivitis/425.jpg,Conjunctivitis,RETAINED,None,00646a37157ffd00731e25aeec9ce57e,266
/kaggle/input/datasets/safone/conjunctivitis-non-conjunctivitis/Conjunctivitis/427.jpg,Conjunctivitis,RETAINED,None,399f9b58b930c7ec51679480f76cee6e,261
/kaggle/input/datasets/safone/conjunctivitis-non-conjunctivitis/Conjunctivitis/428.jpg,Conjunctivitis,RETAINED,None,54750a1d600a3aa8916d0a1b33fb33b7,236
/kaggle/input/datasets/safone/conjunctivitis-non-conjunctivitis/Conjunctivitis/43.jpg,Conjunctivitis,EXCLUDED,Exact_MD5_or_MD5_Label_Conflict,1534f54d39d1fe02920be0c9fcdbe03c,537
/kaggle/input/datasets/safone/conjunctivitis-non-conjunctivitis/Conjunctivitis/430.jpg,Conjunctivitis,RETAINED,None,934774ccbf2f60d0b4bd57bd554d9442,266
/kaggle/input/datasets/safone/conjunctivitis-non-conjunctivitis/Conjunctivitis/433.jpg,Conjunctivitis,RETAINED,None,886babd5827b443385fe9e7f4bb51f3e,260
/kaggle/input/datasets/safone/conjunctivitis-non-conjunctivitis/Conjunctivitis/434.jpg,Conjunctivitis,RETAINED,None,986a16648181ac693d76f38a6be7c63f,283
/kaggle/input/datasets/safone/conjunctivitis-non-conjunctivitis/Conjunctivitis/437.jpg,Conjunctivitis,RETAINED,None,d90fc378b73d2cecc87a90b4f3e7616b,255
/kaggle/input/datasets/safone/conjunctivitis-non-conjunctivitis/Conjunctivitis/439.jpg,Conjunctivitis,RETAINED,None,3ec98ebc9074b0e288ea697feb202e16,268
/kaggle/input/datasets/safone/conjunctivitis-non-conjunctivitis/Conjunctivitis/44.jpg,Conjunctivitis,EXCLUDED,Exact_MD5_or_MD5_Label_Conflict,212b4967fc2c47606526215ab27f50ec,400
/kaggle/input/datasets/safone/conjunctivitis-non-conjunctivitis/Conjunctivitis/440.jpg,Conjunctivitis,RETAINED,None,55c1abbe8d0c7516580502d273558723,254
/kaggle/input/datasets/safone/conjunctivitis-non-conjunctivitis/Conjunctivitis/441.jpg,Conjunctivitis,RETAINED,None,8c7d0112c4363ac7985627c1c9e51852,284
/kaggle/input/datasets/safone/conjunctivitis-non-conjunctivitis/Conjunctivitis/442.jpg,Conjunctivitis,EXCLUDED,pHash_or_Conflict,de7783022ebd3e8f046c36d5f26f420d,290
/kaggle/input/datasets/safone/conjunctivitis-non-conjunctivitis/Conjunctivitis/443.jpg,Conjunctivitis,EXCLUDED,pHash_or_Conflict,246e8a89d471cf6c6b31f25fa5443ac6,261
/kaggle/input/datasets/safone/conjunctivitis-non-conjunctivitis/Conjunctivitis/45.jpg,Conjunctivitis,EXCLUDED,Exact_MD5_or_MD5_Label_Conflict,c95319c959e52910540cbf28449dae07,106
/kaggle/input/datasets/safone/conjunctivitis-non-conjunctivitis/Conjunctivitis/46.jpg,Conjunctivitis,EXCLUDED,Exact_MD5_or_MD5_Label_Conflict,67bc716254ca59a9b0bed14b7aefe819,360
/kaggle/input/datasets/safone/conjunctivitis-non-conjunctivitis/Conjunctivitis/47.jpg,Conjunctivitis,EXCLUDED,Exact_MD5_or_MD5_Label_Conflict,614892edc73dda06afd41e115ddd495b,73
/kaggle/input/datasets/safone/conjunctivitis-non-conjunctivitis/Conjunctivitis/48.jpg,Conjunctivitis,EXCLUDED,Exact_MD5_or_MD5_Label_Conflict,97c06cab3fe3ada204ea4b0d1bffc1d6,383
/kaggle/input/datasets/safone/conjunctivitis-non-conjunctivitis/Conjunctivitis/49.jpg,Conjunctivitis,EXCLUDED,Exact_MD5_or_MD5_Label_Conflict,a9a02d46a33a26de56366d0a25a62cab,99
/kaggle/input/datasets/safone/conjunctivitis-non-conjunctivitis/Conjunctivitis/494.jpg,Conjunctivitis,RETAINED,None,0625558333a7a415d54b1766983b1449,304
/kaggle/input/datasets/safone/conjunctivitis-non-conjunctivitis/Conjunctivitis/495.jpg,Conjunctivitis,RETAINED,None,9d8b3ec62540785313d78c4002435cc5,267
/kaggle/input/datasets/safone/conjunctivitis-non-conjunctivitis/Conjunctivitis/496.jpg,Conjunctivitis,RETAINED,None,6f8cdeb7ee30141341bfea9173fb9b85,245
/kaggle/input/datasets/safone/conjunctivitis-non-conjunctivitis/Conjunctivitis/497.jpg,Conjunctivitis,RETAINED,None,e5d8b0e69514ea0d41e69d3a9efbd879,261
/kaggle/input/datasets/safone/conjunctivitis-non-conjunctivitis/Conjunctivitis/498.jpg,Conjunctivitis,RETAINED,None,70141d551b1e13af578f9535fdaf9af1,263
/kaggle/input/datasets/safone/conjunctivitis-non-conjunctivitis/Conjunctivitis/499.jpg,Conjunctivitis,RETAINED,None,fa7bcb4c199fd2d143269839a136cb95,271
/kaggle/input/datasets/safone/conjunctivitis-non-conjunctivitis/Conjunctivitis/5.jpg,Conjunctivitis,EXCLUDED,Exact_MD5_or_MD5_Label_Conflict,69d5f83352286c95bab0832a09496832,406
/kaggle/input/datasets/safone/conjunctivitis-non-conjunctivitis/Conjunctivitis/50.jpg,Conjunctivitis,EXCLUDED,Exact_MD5_or_MD5_Label_Conflict,a6b2b82a3e423f33bab59b2259e32435,313
/kaggle/input/datasets/safone/conjunctivitis-non-conjunctivitis/Conjunctivitis/500.jpg,Conjunctivitis,RETAINED,None,e6adca32a332c81cc3b45573bb2df641,315
/kaggle/input/datasets/safone/conjunctivitis-non-conjunctivitis/Conjunctivitis/502(1).jpg,Conjunctivitis,RETAINED,None,40a0f88165aa5a956d2b9c3a39a1a68b,485
/kaggle/input/datasets/safone/conjunctivitis-non-conjunctivitis/Conjunctivitis/503(1).jpg,Conjunctivitis,RETAINED,None,b276552e4cc2ccae8057130ce7000cb5,370
/kaggle/input/datasets/safone/conjunctivitis-non-conjunctivitis/Conjunctivitis/51.jpg,Conjunctivitis,EXCLUDED,Exact_MD5_or_MD5_Label_Conflict,8f73771242e42082ae79c5b3b531298a,262
/kaggle/input/datasets/safone/conjunctivitis-non-conjunctivitis/Conjunctivitis/52.jpg,Conjunctivitis,EXCLUDED,Exact_MD5_or_MD5_Label_Conflict,b87987e85cbf45d858198c12aedb27f7,45
/kaggle/input/datasets/safone/conjunctivitis-non-conjunctivitis/Conjunctivitis/53.jpg,Conjunctivitis,EXCLUDED,Exact_MD5_or_MD5_Label_Conflict,b019e81809378f501733f87e28c3611f,48
/kaggle/input/datasets/safone/conjunctivitis-non-conjunctivitis/Conjunctivitis/531.jpg,Conjunctivitis,RETAINED,None,34796c8595f1aac5d782c1a814d8b117,285
/kaggle/input/datasets/safone/conjunctivitis-non-conjunctivitis/Conjunctivitis/532.jpg,Conjunctivitis,RETAINED,None,ad299d98968d405a61995733a667eff0,284
/kaggle/input/datasets/safone/conjunctivitis-non-conjunctivitis/Conjunctivitis/533.jpg,Conjunctivitis,RETAINED,None,d83a21b9fb71aa03881bec74f08794ac,271
/kaggle/input/datasets/safone/conjunctivitis-non-conjunctivitis/Conjunctivitis/534.jpg,Conjunctivitis,RETAINED,None,b074ffee4be457f2daced2b26912c6a5,245
/kaggle/input/datasets/safone/conjunctivitis-non-conjunctivitis/Conjunctivitis/535.jpg,Conjunctivitis,RETAINED,None,b6962c6ee7eb3a3dbaae0d6731134c23,271
/kaggle/input/datasets/safone/conjunctivitis-non-conjunctivitis/Conjunctivitis/54.jpg,Conjunctivitis,EXCLUDED,Exact_MD5_or_MD5_Label_Conflict,9aa90d33846b6325e8073c6b8aa15303,71
/kaggle/input/datasets/safone/conjunctivitis-non-conjunctivitis/Conjunctivitis/545.jpg,Conjunctivitis,RETAINED,None,697f7f2a42b116370e0992494176b468,343
/kaggle/input/datasets/safone/conjunctivitis-non-conjunctivitis/Conjunctivitis/546.jpg,Conjunctivitis,RETAINED,None,beae1ff5679f2512a660f82a0ba71444,307
/kaggle/input/datasets/safone/conjunctivitis-non-conjunctivitis/Conjunctivitis/548.jpg,Conjunctivitis,RETAINED,None,f8f639d192c908b3b8d2d357a2fdf5cb,251
/kaggle/input/datasets/safone/conjunctivitis-non-conjunctivitis/Conjunctivitis/55.jpg,Conjunctivitis,EXCLUDED,Exact_MD5_or_MD5_Label_Conflict,6c0690b88ebb5d77578b43a2e587bc6e,800
/kaggle/input/datasets/safone/conjunctivitis-non-conjunctivitis/Conjunctivitis/56.jpg,Conjunctivitis,EXCLUDED,Exact_MD5_or_MD5_Label_Conflict,3833e9c7db8c26c6e1b6c4b14de5e9f0,446
/kaggle/input/datasets/safone/conjunctivitis-non-conjunctivitis/Conjunctivitis/57.jpg,Conjunctivitis,EXCLUDED,Exact_MD5_or_MD5_Label_Conflict,4f9c80a3d5d5779d2cbd34df7847bc69,415
/kaggle/input/datasets/safone/conjunctivitis-non-conjunctivitis/Conjunctivitis/58.jpg,Conjunctivitis,EXCLUDED,Exact_MD5_or_MD5_Label_Conflict,7fc970d6a79f3166e5b985e84965f31d,648
/kaggle/input/datasets/safone/conjunctivitis-non-conjunctivitis/Conjunctivitis/59.jpg,Conjunctivitis,EXCLUDED,Exact_MD5_or_MD5_Label_Conflict,f09539ae1c1e9afcc7625edb1190ef86,406
/kaggle/input/datasets/safone/conjunctivitis-non-conjunctivitis/Conjunctivitis/6.jpg,Conjunctivitis,EXCLUDED,Exact_MD5_or_MD5_Label_Conflict,d80d817f6fe5432f7e967d21a5e93992,803
/kaggle/input/datasets/safone/conjunctivitis-non-conjunctivitis/Conjunctivitis/60.jpg,Conjunctivitis,EXCLUDED,Exact_MD5_or_MD5_Label_Conflict,b93fad05f5f7cf8bbe22a256906cccb0,803
/kaggle/input/datasets/safone/conjunctivitis-non-conjunctivitis/Conjunctivitis/604.png,Conjunctivitis,RETAINED,None,978299666df3250c7a31bf55b361f56f,229
/kaggle/input/datasets/safone/conjunctivitis-non-conjunctivitis/Conjunctivitis/605.png,Conjunctivitis,RETAINED,None,ce49d7bb67c7d0181cb40f0633376342,234
/kaggle/input/datasets/safone/conjunctivitis-non-conjunctivitis/Conjunctivitis/606.png,Conjunctivitis,RETAINED,None,6e3c2b9e5b775e297d9f783a87a8dbb8,228
/kaggle/input/datasets/safone/conjunctivitis-non-conjunctivitis/Conjunctivitis/607.png,Conjunctivitis,RETAINED,None,43b7ef421a6117cd9b926235b8d2d581,230
/kaggle/input/datasets/safone/conjunctivitis-non-conjunctivitis/Conjunctivitis/608.png,Conjunctivitis,EXCLUDED,pHash_or_Conflict,dd5fa516d9c092b879c561feb6f92f35,220
/kaggle/input/datasets/safone/conjunctivitis-non-conjunctivitis/Conjunctivitis/61.jpg,Conjunctivitis,EXCLUDED,Exact_MD5_or_MD5_Label_Conflict,eef45f31694fcaa033b8d17b7a781fe7,1000
/kaggle/input/datasets/safone/conjunctivitis-non-conjunctivitis/Conjunctivitis/613.png,Conjunctivitis,RETAINED,None,8e1e5e0e0f04ab1bf4f6453420d6fb4b,235
/kaggle/input/datasets/safone/conjunctivitis-non-conjunctivitis/Conjunctivitis/617.png,Conjunctivitis,RETAINED,None,fcec3603389683578f810a47e356bc27,228
/kaggle/input/datasets/safone/conjunctivitis-non-conjunctivitis/Conjunctivitis/62.jpg,Conjunctivitis,EXCLUDED,Exact_MD5_or_MD5_Label_Conflict,7d8a1886bd58b7faa5f8febcaa650c86,166
/kaggle/input/datasets/safone/conjunctivitis-non-conjunctivitis/Conjunctivitis/63.jpg,Conjunctivitis,EXCLUDED,Exact_MD5_or_MD5_Label_Conflict,d89c5453bb4888ad01e8035ea110bdc3,648
/kaggle/input/datasets/safone/conjunctivitis-non-conjunctivitis/Conjunctivitis/64.jpg,Conjunctivitis,EXCLUDED,Exact_MD5_or_MD5_Label_Conflict,3081307dec8eb5714ee94fb5c8f8868b,633
/kaggle/input/datasets/safone/conjunctivitis-non-conjunctivitis/Conjunctivitis/65.jpg,Conjunctivitis,EXCLUDED,Exact_MD5_or_MD5_Label_Conflict,057f440135045d4f8d5ac08d2b545651,225
/kaggle/input/datasets/safone/conjunctivitis-non-conjunctivitis/Conjunctivitis/650.png,Conjunctivitis,RETAINED,None,eb54a6181ebdfdea459c0e16e6754a61,260
/kaggle/input/datasets/safone/conjunctivitis-non-conjunctivitis/Conjunctivitis/658.png,Conjunctivitis,RETAINED,None,c3b0c85d9e9a9165cb0a7d5a1076e39b,214
/kaggle/input/datasets/safone/conjunctivitis-non-conjunctivitis/Conjunctivitis/659.png,Conjunctivitis,RETAINED,None,8ca799c23f3d5d7fbd918e0fcb5a87dc,226
/kaggle/input/datasets/safone/conjunctivitis-non-conjunctivitis/Conjunctivitis/66.jpg,Conjunctivitis,EXCLUDED,Exact_MD5_or_MD5_Label_Conflict,212f163fc3af7e71f532f1401c27a5e8,360
/kaggle/input/datasets/safone/conjunctivitis-non-conjunctivitis/Conjunctivitis/660.png,Conjunctivitis,RETAINED,None,78635cc9cca620bfec60e449acc75d5c,212
/kaggle/input/datasets/safone/conjunctivitis-non-conjunctivitis/Conjunctivitis/664.png,Conjunctivitis,RETAINED,None,c92599bc9413c8ac437caf744573da1f,210
/kaggle/input/datasets/safone/conjunctivitis-non-conjunctivitis/Conjunctivitis/665.png,Conjunctivitis,RETAINED,None,9468f98c0719cbbf4432eb89331f2259,201
/kaggle/input/datasets/safone/conjunctivitis-non-conjunctivitis/Conjunctivitis/666.png,Conjunctivitis,RETAINED,None,f4630bc953303b5a629c4e4d2a3ef097,206
/kaggle/input/datasets/safone/conjunctivitis-non-conjunctivitis/Conjunctivitis/667.png,Conjunctivitis,RETAINED,None,76a5db3ec4a96c7f15a37d4f8d53be17,226
/kaggle/input/datasets/safone/conjunctivitis-non-conjunctivitis/Conjunctivitis/668.png,Conjunctivitis,RETAINED,None,07f77a7b9124265800e39b3c39a3fdd5,202
/kaggle/input/datasets/safone/conjunctivitis-non-conjunctivitis/Conjunctivitis/67.jpg,Conjunctivitis,EXCLUDED,Exact_MD5_or_MD5_Label_Conflict,e4decfd786be3dcd8efa28564503c785,162
/kaggle/input/datasets/safone/conjunctivitis-non-conjunctivitis/Conjunctivitis/670.png,Conjunctivitis,RETAINED,None,871f88295dce8597657b637dd20f9203,235
/kaggle/input/datasets/safone/conjunctivitis-non-conjunctivitis/Conjunctivitis/671.png,Conjunctivitis,RETAINED,None,d89875dd558295b3c1a9271226b11ae4,225
/kaggle/input/datasets/safone/conjunctivitis-non-conjunctivitis/Conjunctivitis/672.png,Conjunctivitis,EXCLUDED,pHash_or_Conflict,6542e4adaeb5470eb22247d46b7c8e2f,213
/kaggle/input/datasets/safone/conjunctivitis-non-conjunctivitis/Conjunctivitis/673.png,Conjunctivitis,RETAINED,None,0d96aa70f0de16f8e9338bcc05e036cb,229
/kaggle/input/datasets/safone/conjunctivitis-non-conjunctivitis/Conjunctivitis/674.png,Conjunctivitis,RETAINED,None,2145844f0075919b9479d52995485ba5,226
/kaggle/input/datasets/safone/conjunctivitis-non-conjunctivitis/Conjunctivitis/675.png,Conjunctivitis,RETAINED,None,da83909c4c96f7d1d02104fe37ae09bc,254
/kaggle/input/datasets/safone/conjunctivitis-non-conjunctivitis/Conjunctivitis/676.png,Conjunctivitis,RETAINED,None,8ad7ae17a1d580e4fb4e41c4a6835ac8,226
/kaggle/input/datasets/safone/conjunctivitis-non-conjunctivitis/Conjunctivitis/677.png,Conjunctivitis,RETAINED,None,bff9eb6365496df3c75de5680672cb41,216
/kaggle/input/datasets/safone/conjunctivitis-non-conjunctivitis/Conjunctivitis/678.png,Conjunctivitis,RETAINED,None,947bc348a5b254d884ac75fb1098a46d,203
/kaggle/input/datasets/safone/conjunctivitis-non-conjunctivitis/Conjunctivitis/679.png,Conjunctivitis,RETAINED,None,ed2e1a57fe85a58e2c6700b3e13a9a68,202
/kaggle/input/datasets/safone/conjunctivitis-non-conjunctivitis/Conjunctivitis/68.jpg,Conjunctivitis,EXCLUDED,Exact_MD5_or_MD5_Label_Conflict,c040de49a48c37ef56af3003798139b2,728
/kaggle/input/datasets/safone/conjunctivitis-non-conjunctivitis/Conjunctivitis/680.png,Conjunctivitis,RETAINED,None,ae3469bf3e2cdda9e6b5bbcab05ff005,212
/kaggle/input/datasets/safone/conjunctivitis-non-conjunctivitis/Conjunctivitis/681.png,Conjunctivitis,RETAINED,None,69b3911073c850acb94701add92e476a,212
/kaggle/input/datasets/safone/conjunctivitis-non-conjunctivitis/Conjunctivitis/682.png,Conjunctivitis,RETAINED,None,76dc9b3299e7e87565f2d9d33e458f23,225
/kaggle/input/datasets/safone/conjunctivitis-non-conjunctivitis/Conjunctivitis/683.png,Conjunctivitis,RETAINED,None,0102685d4c5e2c9589d238cab7e77150,224
/kaggle/input/datasets/safone/conjunctivitis-non-conjunctivitis/Conjunctivitis/684.png,Conjunctivitis,RETAINED,None,f4bd61ac3b01585c190d59e5bc4559f0,214
/kaggle/input/datasets/safone/conjunctivitis-non-conjunctivitis/Conjunctivitis/685.png,Conjunctivitis,RETAINED,None,ae7807753f28ec6650b63ba4e868e547,207
/kaggle/input/datasets/safone/conjunctivitis-non-conjunctivitis/Conjunctivitis/686.png,Conjunctivitis,RETAINED,None,bef3f8fa6c3de1267469074cf71eb4fa,209
/kaggle/input/datasets/safone/conjunctivitis-non-conjunctivitis/Conjunctivitis/687.png,Conjunctivitis,RETAINED,None,5cff9f001b655e2b68fedcccb87b2c90,205
/kaggle/input/datasets/safone/conjunctivitis-non-conjunctivitis/Conjunctivitis/69.jpg,Conjunctivitis,EXCLUDED,Exact_MD5_or_MD5_Label_Conflict,bccc1c8807536c3126d05959378a96b2,1374
/kaggle/input/datasets/safone/conjunctivitis-non-conjunctivitis/Conjunctivitis/7.jpg,Conjunctivitis,EXCLUDED,Exact_MD5_or_MD5_Label_Conflict,be098c88f6286a84a3fd1efbf7a22ad3,1000
/kaggle/input/datasets/safone/conjunctivitis-non-conjunctivitis/Conjunctivitis/70.jpg,Conjunctivitis,EXCLUDED,Exact_MD5_or_MD5_Label_Conflict,be3851686048d9a02e1fc5e84028b002,213
/kaggle/input/datasets/safone/conjunctivitis-non-conjunctivitis/Conjunctivitis/71.jpg,Conjunctivitis,EXCLUDED,Exact_MD5_or_MD5_Label_Conflict,5164c7b69fb6ca5d4a2f791576892715,863
/kaggle/input/datasets/safone/conjunctivitis-non-conjunctivitis/Conjunctivitis/72.jpg,Conjunctivitis,EXCLUDED,Exact_MD5_or_MD5_Label_Conflict,4edd9b6b7928bbe7ff11e32037319606,234
/kaggle/input/datasets/safone/conjunctivitis-non-conjunctivitis/Conjunctivitis/73.jpg,Conjunctivitis,EXCLUDED,Exact_MD5_or_MD5_Label_Conflict,a67b0e33263fc8a34515ff1178a32efe,200
/kaggle/input/datasets/safone/conjunctivitis-non-conjunctivitis/Conjunctivitis/74.jpg,Conjunctivitis,EXCLUDED,Exact_MD5_or_MD5_Label_Conflict,5de7ae43793c46fd6f1ef42a60623464,383
/kaggle/input/datasets/safone/conjunctivitis-non-conjunctivitis/Conjunctivitis/75.jpg,Conjunctivitis,EXCLUDED,Exact_MD5_or_MD5_Label_Conflict,716134587a7f6ff33f3a190eb3b17a9a,96
/kaggle/input/datasets/safone/conjunctivitis-non-conjunctivitis/Conjunctivitis/76.jpg,Conjunctivitis,EXCLUDED,Exact_MD5_or_MD5_Label_Conflict,e26e61a03e74d90fb8db8acb41e5fe43,114
/kaggle/input/datasets/safone/conjunctivitis-non-conjunctivitis/Conjunctivitis/77.jpg,Conjunctivitis,EXCLUDED,Exact_MD5_or_MD5_Label_Conflict,c98603beb05a4895f6c8e0559a01e17e,251
/kaggle/input/datasets/safone/conjunctivitis-non-conjunctivitis/Conjunctivitis/78.jpg,Conjunctivitis,EXCLUDED,Exact_MD5_or_MD5_Label_Conflict,77a872b55696444c7d478e65cd8603f7,169
/kaggle/input/datasets/safone/conjunctivitis-non-conjunctivitis/Conjunctivitis/79.jpg,Conjunctivitis,EXCLUDED,Exact_MD5_or_MD5_Label_Conflict,9283e6f71cc9c62389d806fd50b643bb,233
/kaggle/input/datasets/safone/conjunctivitis-non-conjunctivitis/Conjunctivitis/8.jpg,Conjunctivitis,EXCLUDED,Exact_MD5_or_MD5_Label_Conflict,9634cdd26b3e706d4e01435b5acae799,166
/kaggle/input/datasets/safone/conjunctivitis-non-conjunctivitis/Conjunctivitis/80.jpg,Conjunctivitis,EXCLUDED,Exact_MD5_or_MD5_Label_Conflict,f17bc342a5236bb9e09e9c612ba373b4,356
/kaggle/input/datasets/safone/conjunctivitis-non-conjunctivitis/Conjunctivitis/81.jpg,Conjunctivitis,EXCLUDED,Exact_MD5_or_MD5_Label_Conflict,8ce1351d1abd734c06dd4dc8fe1a3ae2,183
/kaggle/input/datasets/safone/conjunctivitis-non-conjunctivitis/Conjunctivitis/82.jpg,Conjunctivitis,EXCLUDED,Exact_MD5_or_MD5_Label_Conflict,54e39d2080f949bb059483913486ef86,183
/kaggle/input/datasets/safone/conjunctivitis-non-conjunctivitis/Conjunctivitis/83.jpg,Conjunctivitis,EXCLUDED,Exact_MD5_or_MD5_Label_Conflict,9e2b4d59eafeb65e39839e8ed2db9cb4,193
/kaggle/input/datasets/safone/conjunctivitis-non-conjunctivitis/Conjunctivitis/84.jpg,Conjunctivitis,EXCLUDED,Exact_MD5_or_MD5_Label_Conflict,9ae952484c06d06d4230e86e9f95c1d4,722
/kaggle/input/datasets/safone/conjunctivitis-non-conjunctivitis/Conjunctivitis/85.jpg,Conjunctivitis,EXCLUDED,Exact_MD5_or_MD5_Label_Conflict,71b21002b409eeddece82819a6ddadff,788
/kaggle/input/datasets/safone/conjunctivitis-non-conjunctivitis/Conjunctivitis/86.jpg,Conjunctivitis,EXCLUDED,Exact_MD5_or_MD5_Label_Conflict,fa26e9d430133ccc7a18395cea0ccc36,532
/kaggle/input/datasets/safone/conjunctivitis-non-conjunctivitis/Conjunctivitis/87.jpg,Conjunctivitis,EXCLUDED,Exact_MD5_or_MD5_Label_Conflict,baa182e46cbbdb60e0c614fb99f3db11,184
/kaggle/input/datasets/safone/conjunctivitis-non-conjunctivitis/Conjunctivitis/88.jpg,Conjunctivitis,EXCLUDED,Exact_MD5_or_MD5_Label_Conflict,8f4ebc961a5d60a1f2faf9abaf0f61d0,194
/kaggle/input/datasets/safone/conjunctivitis-non-conjunctivitis/Conjunctivitis/89.jpg,Conjunctivitis,EXCLUDED,Exact_MD5_or_MD5_Label_Conflict,c264d44a56bfd865f2b58926aba4becb,184
/kaggle/input/datasets/safone/conjunctivitis-non-conjunctivitis/Conjunctivitis/9.jpg,Conjunctivitis,EXCLUDED,Exact_MD5_or_MD5_Label_Conflict,3505d72c0b6b83f0bd15d5a5d78c6e2a,648
/kaggle/input/datasets/safone/conjunctivitis-non-conjunctivitis/Conjunctivitis/90.jpg,Conjunctivitis,EXCLUDED,Exact_MD5_or_MD5_Label_Conflict,42a78868363431d96f3bd61060933cef,360
/kaggle/input/datasets/safone/conjunctivitis-non-conjunctivitis/Conjunctivitis/91.jpg,Conjunctivitis,EXCLUDED,Exact_MD5_or_MD5_Label_Conflict,9cc525b1a7d78399bf3664d3553a1a98,406
/kaggle/input/datasets/safone/conjunctivitis-non-conjunctivitis/Conjunctivitis/92.jpg,Conjunctivitis,EXCLUDED,Exact_MD5_or_MD5_Label_Conflict,5ff29d13ba5fa88a0c2460b03d75c633,139
/kaggle/input/datasets/safone/conjunctivitis-non-conjunctivitis/Conjunctivitis/93.jpg,Conjunctivitis,EXCLUDED,Exact_MD5_or_MD5_Label_Conflict,274cd5ce604c103d76e5c8bc89d4d306,308
/kaggle/input/datasets/safone/conjunctivitis-non-conjunctivitis/Conjunctivitis/94.jpg,Conjunctivitis,EXCLUDED,Exact_MD5_or_MD5_Label_Conflict,e30d56e89009e3fbe682e84ec974f577,56
/kaggle/input/datasets/safone/conjunctivitis-non-conjunctivitis/Conjunctivitis/95.jpg,Conjunctivitis,EXCLUDED,Exact_MD5_or_MD5_Label_Conflict,21bf4579e7e72deedbb41cc52b22e14c,667
/kaggle/input/datasets/safone/conjunctivitis-non-conjunctivitis/Conjunctivitis/96.jpg,Conjunctivitis,EXCLUDED,Exact_MD5_or_MD5_Label_Conflict,3424c1e8c57ba8ed9783b5faf81653b8,537
/kaggle/input/datasets/safone/conjunctivitis-non-conjunctivitis/Conjunctivitis/97.jpg,Conjunctivitis,EXCLUDED,Exact_MD5_or_MD5_Label_Conflict,bff0d8163edd0f22a7eea18a16619a47,400
/kaggle/input/datasets/safone/conjunctivitis-non-conjunctivitis/Conjunctivitis/98.jpg,Conjunctivitis,EXCLUDED,Exact_MD5_or_MD5_Label_Conflict,81c44ccc3924e9b74a240ade7e10dbde,106
/kaggle/input/datasets/safone/conjunctivitis-non-conjunctivitis/Conjunctivitis/99.jpg,Conjunctivitis,EXCLUDED,Exact_MD5_or_MD5_Label_Conflict,bdabf8a72ecd9dbad70706cd55b84227,360
/kaggle/input/datasets/safone/conjunctivitis-non-conjunctivitis/Non_Conjunctivitis/1.jpg,Non_Conjunctivitis,EXCLUDED,Exact_MD5_or_MD5_Label_Conflict,eeb055ec537353933721121c05583411,183
/kaggle/input/datasets/safone/conjunctivitis-non-conjunctivitis/Non_Conjunctivitis/10.jpg,Non_Conjunctivitis,EXCLUDED,Exact_MD5_or_MD5_Label_Conflict,95a0726f687318d0dd38e9d30b65c560,480
/kaggle/input/datasets/safone/conjunctivitis-non-conjunctivitis/Non_Conjunctivitis/100.jpg,Non_Conjunctivitis,EXCLUDED,Exact_MD5_or_MD5_Label_Conflict,cd352f38fedbaae97e09bce2d093154f,666
/kaggle/input/datasets/safone/conjunctivitis-non-conjunctivitis/Non_Conjunctivitis/101.jpg,Non_Conjunctivitis,EXCLUDED,Exact_MD5_or_MD5_Label_Conflict,8848e15fd0255bf9713121c37de4339b,1609
/kaggle/input/datasets/safone/conjunctivitis-non-conjunctivitis/Non_Conjunctivitis/102.jpg,Non_Conjunctivitis,EXCLUDED,Exact_MD5_or_MD5_Label_Conflict,07c720241dd7e6b8c1cb1a5362566981,206
/kaggle/input/datasets/safone/conjunctivitis-non-conjunctivitis/Non_Conjunctivitis/103.jpg,Non_Conjunctivitis,EXCLUDED,Exact_MD5_or_MD5_Label_Conflict,339db6e8c0fcdac1a63e7cf0973baad1,592
/kaggle/input/datasets/safone/conjunctivitis-non-conjunctivitis/Non_Conjunctivitis/104.jpg,Non_Conjunctivitis,EXCLUDED,Exact_MD5_or_MD5_Label_Conflict,204e8606dc7f2862bcd06248918f2e5a,194
/kaggle/input/datasets/safone/conjunctivitis-non-conjunctivitis/Non_Conjunctivitis/105.jpg,Non_Conjunctivitis,EXCLUDED,Exact_MD5_or_MD5_Label_Conflict,e40ce1167643bdd18e184adec53c7be3,480
/kaggle/input/datasets/safone/conjunctivitis-non-conjunctivitis/Non_Conjunctivitis/106.jpg,Non_Conjunctivitis,EXCLUDED,Exact_MD5_or_MD5_Label_Conflict,4fa8b5a4e1b3941770801136c964063e,394
/kaggle/input/datasets/safone/conjunctivitis-non-conjunctivitis/Non_Conjunctivitis/107.jpg,Non_Conjunctivitis,EXCLUDED,Exact_MD5_or_MD5_Label_Conflict,fa5c3dff37751de5e6033044bc1eb92c,587
/kaggle/input/datasets/safone/conjunctivitis-non-conjunctivitis/Non_Conjunctivitis/108.jpg,Non_Conjunctivitis,EXCLUDED,Exact_MD5_or_MD5_Label_Conflict,8aea011024a61fe60cf3070e2c5af81b,279
/kaggle/input/datasets/safone/conjunctivitis-non-conjunctivitis/Non_Conjunctivitis/109.jpg,Non_Conjunctivitis,EXCLUDED,Exact_MD5_or_MD5_Label_Conflict,6e33e0bff05ea4073d6b5e3b14a9eba8,957
/kaggle/input/datasets/safone/conjunctivitis-non-conjunctivitis/Non_Conjunctivitis/11.jpg,Non_Conjunctivitis,EXCLUDED,Exact_MD5_or_MD5_Label_Conflict,53a1ee36fab5ddeffa259669c3197892,394
/kaggle/input/datasets/safone/conjunctivitis-non-conjunctivitis/Non_Conjunctivitis/110.jpg,Non_Conjunctivitis,EXCLUDED,Exact_MD5_or_MD5_Label_Conflict,900dc0dca1bd8d0b0c4b4580aa44eb71,575
/kaggle/input/datasets/safone/conjunctivitis-non-conjunctivitis/Non_Conjunctivitis/111.jpg,Non_Conjunctivitis,EXCLUDED,Exact_MD5_or_MD5_Label_Conflict,74f182de2a0d5acdd920e5b68312e8c6,1280
/kaggle/input/datasets/safone/conjunctivitis-non-conjunctivitis/Non_Conjunctivitis/112.jpg,Non_Conjunctivitis,EXCLUDED,Exact_MD5_or_MD5_Label_Conflict,5dc38f51fdaf8ad221de7bcdd674003c,1078
/kaggle/input/datasets/safone/conjunctivitis-non-conjunctivitis/Non_Conjunctivitis/113.jpg,Non_Conjunctivitis,EXCLUDED,Exact_MD5_or_MD5_Label_Conflict,8d0477b8286c1af00e80be668118625f,400
/kaggle/input/datasets/safone/conjunctivitis-non-conjunctivitis/Non_Conjunctivitis/114.jpg,Non_Conjunctivitis,EXCLUDED,Exact_MD5_or_MD5_Label_Conflict,273a71b027504005f87ac91392554289,183
/kaggle/input/datasets/safone/conjunctivitis-non-conjunctivitis/Non_Conjunctivitis/115.jpg,Non_Conjunctivitis,EXCLUDED,Exact_MD5_or_MD5_Label_Conflict,7aaedf575338e743113b0c95cf760b08,2549
/kaggle/input/datasets/safone/conjunctivitis-non-conjunctivitis/Non_Conjunctivitis/116.jpg,Non_Conjunctivitis,EXCLUDED,Exact_MD5_or_MD5_Label_Conflict,207c2a7926f003bbbce6cf7bde5d267f,1177
/kaggle/input/datasets/safone/conjunctivitis-non-conjunctivitis/Non_Conjunctivitis/117.jpg,Non_Conjunctivitis,EXCLUDED,Exact_MD5_or_MD5_Label_Conflict,10a4956c44b9ad2d6f6207c13f0b5651,407
/kaggle/input/datasets/safone/conjunctivitis-non-conjunctivitis/Non_Conjunctivitis/118.jpg,Non_Conjunctivitis,EXCLUDED,Exact_MD5_or_MD5_Label_Conflict,9ee5dcbdeb4ade31a6d7204df64a504b,168
/kaggle/input/datasets/safone/conjunctivitis-non-conjunctivitis/Non_Conjunctivitis/119.jpg,Non_Conjunctivitis,EXCLUDED,Exact_MD5_or_MD5_Label_Conflict,42dc048cf039d22cbb7eea1a9475188e,228
/kaggle/input/datasets/safone/conjunctivitis-non-conjunctivitis/Non_Conjunctivitis/12.jpg,Non_Conjunctivitis,EXCLUDED,Exact_MD5_or_MD5_Label_Conflict,50b153fc32376102b272a3287088edea,587
/kaggle/input/datasets/safone/conjunctivitis-non-conjunctivitis/Non_Conjunctivitis/120.jpg,Non_Conjunctivitis,EXCLUDED,Exact_MD5_or_MD5_Label_Conflict,5e6461fa88177c2b03bf5f2a61acff66,224
/kaggle/input/datasets/safone/conjunctivitis-non-conjunctivitis/Non_Conjunctivitis/121.jpg,Non_Conjunctivitis,EXCLUDED,Exact_MD5_or_MD5_Label_Conflict,b182680477ace2235f78bb529b3faedb,232
/kaggle/input/datasets/safone/conjunctivitis-non-conjunctivitis/Non_Conjunctivitis/122.jpg,Non_Conjunctivitis,EXCLUDED,Exact_MD5_or_MD5_Label_Conflict,c5fb0aa549114b248e6a23d6f9f6695e,667
/kaggle/input/datasets/safone/conjunctivitis-non-conjunctivitis/Non_Conjunctivitis/123.jpeg,Non_Conjunctivitis,EXCLUDED,Exact_MD5_or_MD5_Label_Conflict,58b0aa7b480530c5f09df8e85a8812c8,183
/kaggle/input/datasets/safone/conjunctivitis-non-conjunctivitis/Non_Conjunctivitis/124.jpg,Non_Conjunctivitis,EXCLUDED,Exact_MD5_or_MD5_Label_Conflict,e65edf7a411c002e0f5dfcb02c5b5253,408
/kaggle/input/datasets/safone/conjunctivitis-non-conjunctivitis/Non_Conjunctivitis/125.jpeg,Non_Conjunctivitis,EXCLUDED,Exact_MD5_or_MD5_Label_Conflict,180b731b8e9cc6d01397ca881377cef1,337
/kaggle/input/datasets/safone/conjunctivitis-non-conjunctivitis/Non_Conjunctivitis/125.jpg,Non_Conjunctivitis,EXCLUDED,Sub_100px_or_Corrupt,640de19c4eefd2c6af651e5dead61efb,59
/kaggle/input/datasets/safone/conjunctivitis-non-conjunctivitis/Non_Conjunctivitis/126.jpeg,Non_Conjunctivitis,EXCLUDED,Exact_MD5_or_MD5_Label_Conflict,8da3dca2d7d3bcb8a7fb4c0842e37a51,183
/kaggle/input/datasets/safone/conjunctivitis-non-conjunctivitis/Non_Conjunctivitis/126.jpg,Non_Conjunctivitis,EXCLUDED,Sub_100px_or_Corrupt,de3a0e333c3b9add73fcf0fd2c0f40a7,69
/kaggle/input/datasets/safone/conjunctivitis-non-conjunctivitis/Non_Conjunctivitis/127.jpeg,Non_Conjunctivitis,EXCLUDED,Exact_MD5_or_MD5_Label_Conflict,8164a32e68fcc831d9c7c925ea270bc3,183
/kaggle/input/datasets/safone/conjunctivitis-non-conjunctivitis/Non_Conjunctivitis/127.jpg,Non_Conjunctivitis,EXCLUDED,Sub_100px_or_Corrupt,b45c3f446ee4bed37c7f176a5d067399,46
/kaggle/input/datasets/safone/conjunctivitis-non-conjunctivitis/Non_Conjunctivitis/128.jpg,Non_Conjunctivitis,EXCLUDED,Exact_MD5_or_MD5_Label_Conflict,4310bf558924c40f9e10ac67e0a9047e,480
/kaggle/input/datasets/safone/conjunctivitis-non-conjunctivitis/Non_Conjunctivitis/129.jpeg,Non_Conjunctivitis,EXCLUDED,Exact_MD5_or_MD5_Label_Conflict,1c71c028842f92bf17f1572de2a63946,194
/kaggle/input/datasets/safone/conjunctivitis-non-conjunctivitis/Non_Conjunctivitis/13.jpg,Non_Conjunctivitis,EXCLUDED,Exact_MD5_or_MD5_Label_Conflict,67d9dd54468305e582637cb833cc6d80,279
/kaggle/input/datasets/safone/conjunctivitis-non-conjunctivitis/Non_Conjunctivitis/130.jpg,Non_Conjunctivitis,EXCLUDED,Exact_MD5_or_MD5_Label_Conflict,23fb721606359ceb27ef2c751d26758f,427
/kaggle/input/datasets/safone/conjunctivitis-non-conjunctivitis/Non_Conjunctivitis/131.jpg,Non_Conjunctivitis,EXCLUDED,Exact_MD5_or_MD5_Label_Conflict,791994854ff434f7564befdf256b5b73,2000
/kaggle/input/datasets/safone/conjunctivitis-non-conjunctivitis/Non_Conjunctivitis/132.jpeg,Non_Conjunctivitis,EXCLUDED,Exact_MD5_or_MD5_Label_Conflict,406e886b2591e5ddc0e9c35980c93102,183
/kaggle/input/datasets/safone/conjunctivitis-non-conjunctivitis/Non_Conjunctivitis/132.jpg,Non_Conjunctivitis,EXCLUDED,Sub_100px_or_Corrupt,4ec57a3f63f2df4252424006e8849535,46
/kaggle/input/datasets/safone/conjunctivitis-non-conjunctivitis/Non_Conjunctivitis/133.jpg,Non_Conjunctivitis,EXCLUDED,Exact_MD5_or_MD5_Label_Conflict,67a4ebf7e99cd74d2135a13174e57e8e,399
/kaggle/input/datasets/safone/conjunctivitis-non-conjunctivitis/Non_Conjunctivitis/134.jpg,Non_Conjunctivitis,EXCLUDED,Exact_MD5_or_MD5_Label_Conflict,7fe933c58e9dd18979d86a749534dbff,729
/kaggle/input/datasets/safone/conjunctivitis-non-conjunctivitis/Non_Conjunctivitis/135.jpg,Non_Conjunctivitis,EXCLUDED,Exact_MD5_or_MD5_Label_Conflict,2a1bf957d43e79a7087d6e00bb64434f,446
/kaggle/input/datasets/safone/conjunctivitis-non-conjunctivitis/Non_Conjunctivitis/136.jpg,Non_Conjunctivitis,EXCLUDED,Exact_MD5_or_MD5_Label_Conflict,ff58448d2ccd47b1c586e6094ed2b366,480
/kaggle/input/datasets/safone/conjunctivitis-non-conjunctivitis/Non_Conjunctivitis/137.jpeg,Non_Conjunctivitis,EXCLUDED,Exact_MD5_or_MD5_Label_Conflict,5da6fb124c2346cec4d9aff5a87341ee,168
/kaggle/input/datasets/safone/conjunctivitis-non-conjunctivitis/Non_Conjunctivitis/137.jpg,Non_Conjunctivitis,EXCLUDED,Sub_100px_or_Corrupt,54e6a6e78763ed8963b83e49e9fc401f,71
/kaggle/input/datasets/safone/conjunctivitis-non-conjunctivitis/Non_Conjunctivitis/138.jpg,Non_Conjunctivitis,EXCLUDED,Exact_MD5_or_MD5_Label_Conflict,e0b62f791175499cadf2e75d5164a898,602
/kaggle/input/datasets/safone/conjunctivitis-non-conjunctivitis/Non_Conjunctivitis/139.jpg,Non_Conjunctivitis,EXCLUDED,Exact_MD5_or_MD5_Label_Conflict,bb9034824f92d59f71cb9ee6fa2612ef,540
/kaggle/input/datasets/safone/conjunctivitis-non-conjunctivitis/Non_Conjunctivitis/14.jpg,Non_Conjunctivitis,EXCLUDED,Exact_MD5_or_MD5_Label_Conflict,27c051e09129e4fd183ddcb5409fa85f,957
/kaggle/input/datasets/safone/conjunctivitis-non-conjunctivitis/Non_Conjunctivitis/140.jpg,Non_Conjunctivitis,EXCLUDED,Exact_MD5_or_MD5_Label_Conflict,7d8b2b937111f913220cfa26adfa6abe,333
/kaggle/input/datasets/safone/conjunctivitis-non-conjunctivitis/Non_Conjunctivitis/141.jpg,Non_Conjunctivitis,EXCLUDED,Exact_MD5_or_MD5_Label_Conflict,8f8c054748f60f4b030296b2c7db6d5f,667
/kaggle/input/datasets/safone/conjunctivitis-non-conjunctivitis/Non_Conjunctivitis/142.jpeg,Non_Conjunctivitis,EXCLUDED,Exact_MD5_or_MD5_Label_Conflict,339359f87704d88655962f981e480d83,176
/kaggle/input/datasets/safone/conjunctivitis-non-conjunctivitis/Non_Conjunctivitis/142.jpg,Non_Conjunctivitis,EXCLUDED,Sub_100px_or_Corrupt,9d18047577b767c943eb7bd4e5ba3a4b,63
/kaggle/input/datasets/safone/conjunctivitis-non-conjunctivitis/Non_Conjunctivitis/143.jpg,Non_Conjunctivitis,EXCLUDED,Exact_MD5_or_MD5_Label_Conflict,b4af113d101f9cc76bcc442a735deec7,427
/kaggle/input/datasets/safone/conjunctivitis-non-conjunctivitis/Non_Conjunctivitis/144.jpg,Non_Conjunctivitis,EXCLUDED,Exact_MD5_or_MD5_Label_Conflict,8848e15fd0255bf9713121c37de4339b,1609
/kaggle/input/datasets/safone/conjunctivitis-non-conjunctivitis/Non_Conjunctivitis/145.jpg,Non_Conjunctivitis,EXCLUDED,Exact_MD5_or_MD5_Label_Conflict,4f346d869c333c3b17fbe14f114a9a97,366
/kaggle/input/datasets/safone/conjunctivitis-non-conjunctivitis/Non_Conjunctivitis/146.jpg,Non_Conjunctivitis,EXCLUDED,Exact_MD5_or_MD5_Label_Conflict,2a1bf957d43e79a7087d6e00bb64434f,446
/kaggle/input/datasets/safone/conjunctivitis-non-conjunctivitis/Non_Conjunctivitis/147.jpg,Non_Conjunctivitis,EXCLUDED,Exact_MD5_or_MD5_Label_Conflict,6cf4edd6e4289efbffd0912e3ccdb341,360
/kaggle/input/datasets/safone/conjunctivitis-non-conjunctivitis/Non_Conjunctivitis/148.jpg,Non_Conjunctivitis,EXCLUDED,Exact_MD5_or_MD5_Label_Conflict,ccc10628ca2ec870beac04b790e8aa99,772
/kaggle/input/datasets/safone/conjunctivitis-non-conjunctivitis/Non_Conjunctivitis/149.jpg,Non_Conjunctivitis,EXCLUDED,Exact_MD5_or_MD5_Label_Conflict,3be0e93bbd5acee6da452c225ced5166,232
/kaggle/input/datasets/safone/conjunctivitis-non-conjunctivitis/Non_Conjunctivitis/15.jpg,Non_Conjunctivitis,EXCLUDED,Exact_MD5_or_MD5_Label_Conflict,bdd21d11d35f7fbfa884baf44e045379,575
/kaggle/input/datasets/safone/conjunctivitis-non-conjunctivitis/Non_Conjunctivitis/150.jpg,Non_Conjunctivitis,EXCLUDED,Exact_MD5_or_MD5_Label_Conflict,8d40735ca87252028f36d759705f5cae,480
/kaggle/input/datasets/safone/conjunctivitis-non-conjunctivitis/Non_Conjunctivitis/151.jpg,Non_Conjunctivitis,EXCLUDED,Exact_MD5_or_MD5_Label_Conflict,d17099b2d3a7eb68b9fb31e8def1bfc1,630
/kaggle/input/datasets/safone/conjunctivitis-non-conjunctivitis/Non_Conjunctivitis/152.jpg,Non_Conjunctivitis,EXCLUDED,Exact_MD5_or_MD5_Label_Conflict,e0b1ce1d930621c6083a64049cc33c6c,1080
/kaggle/input/datasets/safone/conjunctivitis-non-conjunctivitis/Non_Conjunctivitis/153.jpg,Non_Conjunctivitis,EXCLUDED,Exact_MD5_or_MD5_Label_Conflict,ef4b11d48b7829a7db62c6c6f1a90d49,1704
/kaggle/input/datasets/safone/conjunctivitis-non-conjunctivitis/Non_Conjunctivitis/154.jpg,Non_Conjunctivitis,EXCLUDED,Exact_MD5_or_MD5_Label_Conflict,919270c39f1a4e4c21d2977e2047f3e8,500
/kaggle/input/datasets/safone/conjunctivitis-non-conjunctivitis/Non_Conjunctivitis/155.jpg,Non_Conjunctivitis,EXCLUDED,Exact_MD5_or_MD5_Label_Conflict,f17874bf9a9cfa1f88364a6924c314f4,408
/kaggle/input/datasets/safone/conjunctivitis-non-conjunctivitis/Non_Conjunctivitis/156.jpeg,Non_Conjunctivitis,EXCLUDED,Exact_MD5_or_MD5_Label_Conflict,8d948ef4f9bd5110b489cc33a51ac6f0,225
/kaggle/input/datasets/safone/conjunctivitis-non-conjunctivitis/Non_Conjunctivitis/157.jpg,Non_Conjunctivitis,EXCLUDED,Exact_MD5_or_MD5_Label_Conflict,4a02b7502c5b9e1cf5b487e3b785d13e,1107
/kaggle/input/datasets/safone/conjunctivitis-non-conjunctivitis/Non_Conjunctivitis/158.jpg,Non_Conjunctivitis,EXCLUDED,Exact_MD5_or_MD5_Label_Conflict,9f6dc6dc6ac2c2ffd1725a0ac4c10a02,1000
/kaggle/input/datasets/safone/conjunctivitis-non-conjunctivitis/Non_Conjunctivitis/159.jpg,Non_Conjunctivitis,EXCLUDED,Exact_MD5_or_MD5_Label_Conflict,a8fac64df10e7eedf0db03fca73d62d2,683
/kaggle/input/datasets/safone/conjunctivitis-non-conjunctivitis/Non_Conjunctivitis/16.jpg,Non_Conjunctivitis,EXCLUDED,Exact_MD5_or_MD5_Label_Conflict,505b3ed154dfebf4fe839d90f6496f70,1280
/kaggle/input/datasets/safone/conjunctivitis-non-conjunctivitis/Non_Conjunctivitis/160.jpg,Non_Conjunctivitis,EXCLUDED,Exact_MD5_or_MD5_Label_Conflict,cd98c7a48b8592fad1ccfdc257981c1b,817
/kaggle/input/datasets/safone/conjunctivitis-non-conjunctivitis/Non_Conjunctivitis/161.jpg,Non_Conjunctivitis,EXCLUDED,Exact_MD5_or_MD5_Label_Conflict,4ea8434c76aadb6fc61d15de26c498f1,800
/kaggle/input/datasets/safone/conjunctivitis-non-conjunctivitis/Non_Conjunctivitis/162.jpg,Non_Conjunctivitis,EXCLUDED,Exact_MD5_or_MD5_Label_Conflict,8e8ac14d45f7f45b4bc783f7737669a8,682
/kaggle/input/datasets/safone/conjunctivitis-non-conjunctivitis/Non_Conjunctivitis/163.jpg,Non_Conjunctivitis,EXCLUDED,Exact_MD5_or_MD5_Label_Conflict,24627f7d3ca0024657aaecaa10383502,1200
/kaggle/input/datasets/safone/conjunctivitis-non-conjunctivitis/Non_Conjunctivitis/164.jpg,Non_Conjunctivitis,EXCLUDED,Exact_MD5_or_MD5_Label_Conflict,c58ea7abe6f03d368240590e4830684c,405
/kaggle/input/datasets/safone/conjunctivitis-non-conjunctivitis/Non_Conjunctivitis/165.jpg,Non_Conjunctivitis,EXCLUDED,Exact_MD5_or_MD5_Label_Conflict,8f8c054748f60f4b030296b2c7db6d5f,667
/kaggle/input/datasets/safone/conjunctivitis-non-conjunctivitis/Non_Conjunctivitis/166.jpg,Non_Conjunctivitis,EXCLUDED,Exact_MD5_or_MD5_Label_Conflict,dcc1fec7be5d50d6c54571819fd2043c,800
/kaggle/input/datasets/safone/conjunctivitis-non-conjunctivitis/Non_Conjunctivitis/167.jpg,Non_Conjunctivitis,EXCLUDED,Exact_MD5_or_MD5_Label_Conflict,4f346d869c333c3b17fbe14f114a9a97,366
/kaggle/input/datasets/safone/conjunctivitis-non-conjunctivitis/Non_Conjunctivitis/168.jpg,Non_Conjunctivitis,EXCLUDED,Exact_MD5_or_MD5_Label_Conflict,aec55737531283fff3ca04aa33d8ad86,720
/kaggle/input/datasets/safone/conjunctivitis-non-conjunctivitis/Non_Conjunctivitis/169.jpg,Non_Conjunctivitis,EXCLUDED,Exact_MD5_or_MD5_Label_Conflict,d2723706c44df54154e477b90a80ba16,375
/kaggle/input/datasets/safone/conjunctivitis-non-conjunctivitis/Non_Conjunctivitis/17.jpg,Non_Conjunctivitis,EXCLUDED,Exact_MD5_or_MD5_Label_Conflict,f2cc83e5b110d9931f04e3f01b6a9d40,1078
/kaggle/input/datasets/safone/conjunctivitis-non-conjunctivitis/Non_Conjunctivitis/170.jpeg,Non_Conjunctivitis,EXCLUDED,Exact_MD5_or_MD5_Label_Conflict,774d2b4b51e06a5b746a0cc9b12be406,183
/kaggle/input/datasets/safone/conjunctivitis-non-conjunctivitis/Non_Conjunctivitis/171.jpeg,Non_Conjunctivitis,EXCLUDED,Exact_MD5_or_MD5_Label_Conflict,e171c1b965e070aa5b9d34199770cb17,203
/kaggle/input/datasets/safone/conjunctivitis-non-conjunctivitis/Non_Conjunctivitis/171.jpg,Non_Conjunctivitis,EXCLUDED,Sub_100px_or_Corrupt,d18737238c8490cce9b797807ebaddf8,69
/kaggle/input/datasets/safone/conjunctivitis-non-conjunctivitis/Non_Conjunctivitis/172.jpeg,Non_Conjunctivitis,EXCLUDED,Exact_MD5_or_MD5_Label_Conflict,f544a8aedcc3e315fd0b852dbfda5b30,198
/kaggle/input/datasets/safone/conjunctivitis-non-conjunctivitis/Non_Conjunctivitis/172.jpg,Non_Conjunctivitis,EXCLUDED,Sub_100px_or_Corrupt,5840e8cdbd8ba31ea888f6caaa008daf,55
/kaggle/input/datasets/safone/conjunctivitis-non-conjunctivitis/Non_Conjunctivitis/173.jpg,Non_Conjunctivitis,EXCLUDED,Exact_MD5_or_MD5_Label_Conflict,17484dc3e1be9b999d8d20cf7ad8a3f6,533
/kaggle/input/datasets/safone/conjunctivitis-non-conjunctivitis/Non_Conjunctivitis/174.jpg,Non_Conjunctivitis,EXCLUDED,Exact_MD5_or_MD5_Label_Conflict,3e859114e20d6706068d56f33be72dcc,240
/kaggle/input/datasets/safone/conjunctivitis-non-conjunctivitis/Non_Conjunctivitis/175.jpeg,Non_Conjunctivitis,EXCLUDED,Exact_MD5_or_MD5_Label_Conflict,160d5d740c89dfe83f6dab0694712636,201
/kaggle/input/datasets/safone/conjunctivitis-non-conjunctivitis/Non_Conjunctivitis/175.jpg,Non_Conjunctivitis,EXCLUDED,Sub_100px_or_Corrupt,7600ee7cf7ee9af8aaa4c41634240240,50
/kaggle/input/datasets/safone/conjunctivitis-non-conjunctivitis/Non_Conjunctivitis/176.jpeg,Non_Conjunctivitis,EXCLUDED,Exact_MD5_or_MD5_Label_Conflict,81a34d8f72fe2c7af0a54b467e012f4a,183
/kaggle/input/datasets/safone/conjunctivitis-non-conjunctivitis/Non_Conjunctivitis/176.jpg,Non_Conjunctivitis,EXCLUDED,Sub_100px_or_Corrupt,12c303ef2cbd54cf955e373ba45c3fab,53
/kaggle/input/datasets/safone/conjunctivitis-non-conjunctivitis/Non_Conjunctivitis/177.jpeg,Non_Conjunctivitis,EXCLUDED,Exact_MD5_or_MD5_Label_Conflict,5c1a98a3adfe027111695d97e08c3b41,183
/kaggle/input/datasets/safone/conjunctivitis-non-conjunctivitis/Non_Conjunctivitis/177.jpg,Non_Conjunctivitis,EXCLUDED,Sub_100px_or_Corrupt,7bc32a8e7e0146498d6d79d8c751bc3f,77
/kaggle/input/datasets/safone/conjunctivitis-non-conjunctivitis/Non_Conjunctivitis/178.jpeg,Non_Conjunctivitis,EXCLUDED,Exact_MD5_or_MD5_Label_Conflict,af3fc56221b4827531fd1c60aba53f05,159
/kaggle/input/datasets/safone/conjunctivitis-non-conjunctivitis/Non_Conjunctivitis/178.jpg,Non_Conjunctivitis,EXCLUDED,Sub_100px_or_Corrupt,79ce4ad675563d6546711172c3f54a3d,73
/kaggle/input/datasets/safone/conjunctivitis-non-conjunctivitis/Non_Conjunctivitis/179.jpg,Non_Conjunctivitis,EXCLUDED,Exact_MD5_or_MD5_Label_Conflict,543964a6463ae258ff730fea7a791809,320
/kaggle/input/datasets/safone/conjunctivitis-non-conjunctivitis/Non_Conjunctivitis/18.jpg,Non_Conjunctivitis,EXCLUDED,Exact_MD5_or_MD5_Label_Conflict,04ade78f4fe8b7112259a676dd5e2855,400
/kaggle/input/datasets/safone/conjunctivitis-non-conjunctivitis/Non_Conjunctivitis/180.jpg,Non_Conjunctivitis,EXCLUDED,Exact_MD5_or_MD5_Label_Conflict,cd352f38fedbaae97e09bce2d093154f,666
/kaggle/input/datasets/safone/conjunctivitis-non-conjunctivitis/Non_Conjunctivitis/181.jpeg,Non_Conjunctivitis,EXCLUDED,Exact_MD5_or_MD5_Label_Conflict,93b6050596297ec60ccb865fa5af2cb2,186
/kaggle/input/datasets/safone/conjunctivitis-non-conjunctivitis/Non_Conjunctivitis/181.jpg,Non_Conjunctivitis,EXCLUDED,Sub_100px_or_Corrupt,c2602d1386a234129781c60ab80dd47a,49
/kaggle/input/datasets/safone/conjunctivitis-non-conjunctivitis/Non_Conjunctivitis/182.jpg,Non_Conjunctivitis,EXCLUDED,Sub_100px_or_Corrupt,1c5baa0680891c4eb32deb5fa6444939,51
/kaggle/input/datasets/safone/conjunctivitis-non-conjunctivitis/Non_Conjunctivitis/184.jpg,Non_Conjunctivitis,EXCLUDED,Sub_100px_or_Corrupt,94fc2cdc999a599b850c2c8b5232052b,59
/kaggle/input/datasets/safone/conjunctivitis-non-conjunctivitis/Non_Conjunctivitis/185.jpg,Non_Conjunctivitis,EXCLUDED,Sub_100px_or_Corrupt,d639d502b01899c32a7c2a12a3b466ba,56
/kaggle/input/datasets/safone/conjunctivitis-non-conjunctivitis/Non_Conjunctivitis/186.jpg,Non_Conjunctivitis,EXCLUDED,Sub_100px_or_Corrupt,3a84f61f2785835e23b4f13e90fdb87b,54
/kaggle/input/datasets/safone/conjunctivitis-non-conjunctivitis/Non_Conjunctivitis/187.jpg,Non_Conjunctivitis,EXCLUDED,Sub_100px_or_Corrupt,4c95fd17361670329cbc297d3265e600,62
/kaggle/input/datasets/safone/conjunctivitis-non-conjunctivitis/Non_Conjunctivitis/188.jpg,Non_Conjunctivitis,EXCLUDED,Sub_100px_or_Corrupt,75754435087b0a1d506e61288a7e5039,53
/kaggle/input/datasets/safone/conjunctivitis-non-conjunctivitis/Non_Conjunctivitis/189.jpg,Non_Conjunctivitis,EXCLUDED,Sub_100px_or_Corrupt,818af3c5e930899b57dc07d728c13544,58
/kaggle/input/datasets/safone/conjunctivitis-non-conjunctivitis/Non_Conjunctivitis/19.jpg,Non_Conjunctivitis,EXCLUDED,Exact_MD5_or_MD5_Label_Conflict,bfcc37e3f3380759c650b280ee0908c5,183
/kaggle/input/datasets/safone/conjunctivitis-non-conjunctivitis/Non_Conjunctivitis/190.jpg,Non_Conjunctivitis,EXCLUDED,Sub_100px_or_Corrupt,ed03ddc2cbe72dd76efde5f477a24806,56
/kaggle/input/datasets/safone/conjunctivitis-non-conjunctivitis/Non_Conjunctivitis/192.jpg,Non_Conjunctivitis,EXCLUDED,Sub_100px_or_Corrupt,561c5df74a2e9b43dcf095cee88271c8,72
/kaggle/input/datasets/safone/conjunctivitis-non-conjunctivitis/Non_Conjunctivitis/194.jpg,Non_Conjunctivitis,EXCLUDED,Sub_100px_or_Corrupt,e8671227ed42a1e6ff1b5e79968019ab,48
/kaggle/input/datasets/safone/conjunctivitis-non-conjunctivitis/Non_Conjunctivitis/195.jpg,Non_Conjunctivitis,EXCLUDED,Sub_100px_or_Corrupt,8caf68db5eacbc4bcdae9c885ff9c1ea,60
/kaggle/input/datasets/safone/conjunctivitis-non-conjunctivitis/Non_Conjunctivitis/197.jpg,Non_Conjunctivitis,EXCLUDED,Sub_100px_or_Corrupt,b31b585d45d68d897444f74cd723d111,66
/kaggle/input/datasets/safone/conjunctivitis-non-conjunctivitis/Non_Conjunctivitis/199.jpg,Non_Conjunctivitis,EXCLUDED,Sub_100px_or_Corrupt,5d4eb4c0eda8d3adc87a4493432b9d7d,79
/kaggle/input/datasets/safone/conjunctivitis-non-conjunctivitis/Non_Conjunctivitis/2.jpg,Non_Conjunctivitis,EXCLUDED,Exact_MD5_or_MD5_Label_Conflict,95bbdba381f46718abe881ac1e94ec68,189
/kaggle/input/datasets/safone/conjunctivitis-non-conjunctivitis/Non_Conjunctivitis/20.jpg,Non_Conjunctivitis,EXCLUDED,Exact_MD5_or_MD5_Label_Conflict,520fc95e4bf9c90491d9c78d13c49f2c,2549
/kaggle/input/datasets/safone/conjunctivitis-non-conjunctivitis/Non_Conjunctivitis/201.jpg,Non_Conjunctivitis,EXCLUDED,Sub_100px_or_Corrupt,c715926ef160df990c0e6769a4f45e91,50
/kaggle/input/datasets/safone/conjunctivitis-non-conjunctivitis/Non_Conjunctivitis/202.jpg,Non_Conjunctivitis,EXCLUDED,Sub_100px_or_Corrupt,d8e190ac640bc7621ff20b040c78958a,66
/kaggle/input/datasets/safone/conjunctivitis-non-conjunctivitis/Non_Conjunctivitis/203.jpg,Non_Conjunctivitis,EXCLUDED,Sub_100px_or_Corrupt,0308ea3327aee80d6d00623348a4f999,51
/kaggle/input/datasets/safone/conjunctivitis-non-conjunctivitis/Non_Conjunctivitis/204.jpg,Non_Conjunctivitis,EXCLUDED,Sub_100px_or_Corrupt,a492443b5258818e1a82fc0c3d439268,63
/kaggle/input/datasets/safone/conjunctivitis-non-conjunctivitis/Non_Conjunctivitis/205.jpg,Non_Conjunctivitis,EXCLUDED,Sub_100px_or_Corrupt,61ddb672d40495ee29abdc1da868d4b8,58
/kaggle/input/datasets/safone/conjunctivitis-non-conjunctivitis/Non_Conjunctivitis/206.jpg,Non_Conjunctivitis,EXCLUDED,Sub_100px_or_Corrupt,2eb2333ae69bedc22fa8c83b36a9f612,52
/kaggle/input/datasets/safone/conjunctivitis-non-conjunctivitis/Non_Conjunctivitis/207.jpg,Non_Conjunctivitis,EXCLUDED,Sub_100px_or_Corrupt,f861c74888e85e5e2b8cb6237a355e82,43
/kaggle/input/datasets/safone/conjunctivitis-non-conjunctivitis/Non_Conjunctivitis/208.jpg,Non_Conjunctivitis,EXCLUDED,Sub_100px_or_Corrupt,6e7b8210f9789ed8716988066fabf3ce,48
/kaggle/input/datasets/safone/conjunctivitis-non-conjunctivitis/Non_Conjunctivitis/209.jpg,Non_Conjunctivitis,EXCLUDED,Sub_100px_or_Corrupt,7050a3b82ce246e75e7d29135b653936,46
/kaggle/input/datasets/safone/conjunctivitis-non-conjunctivitis/Non_Conjunctivitis/21.jpg,Non_Conjunctivitis,EXCLUDED,Exact_MD5_or_MD5_Label_Conflict,017742864082150fe3182bcbb3ebfe19,1177
/kaggle/input/datasets/safone/conjunctivitis-non-conjunctivitis/Non_Conjunctivitis/210.jpg,Non_Conjunctivitis,EXCLUDED,Sub_100px_or_Corrupt,ca3c714520937473a2f454e376ba4a7f,46
/kaggle/input/datasets/safone/conjunctivitis-non-conjunctivitis/Non_Conjunctivitis/211.jpg,Non_Conjunctivitis,EXCLUDED,Sub_100px_or_Corrupt,fa1daedad407dd8f75ed59bf27ac001a,56
/kaggle/input/datasets/safone/conjunctivitis-non-conjunctivitis/Non_Conjunctivitis/212.jpg,Non_Conjunctivitis,EXCLUDED,Sub_100px_or_Corrupt,1a24d3f8f8802d2037f10e77a2cf7404,55
/kaggle/input/datasets/safone/conjunctivitis-non-conjunctivitis/Non_Conjunctivitis/213.jpg,Non_Conjunctivitis,EXCLUDED,Sub_100px_or_Corrupt,a1b60c806ef711d8ed7bf8123f03a5ce,54
/kaggle/input/datasets/safone/conjunctivitis-non-conjunctivitis/Non_Conjunctivitis/215.jpg,Non_Conjunctivitis,EXCLUDED,Sub_100px_or_Corrupt,555a9ff80fc7ca4f9e3aa7656de0b08e,64
/kaggle/input/datasets/safone/conjunctivitis-non-conjunctivitis/Non_Conjunctivitis/216.jpg,Non_Conjunctivitis,EXCLUDED,Sub_100px_or_Corrupt,4e06176081f128eb402e88d0c26b07f2,58
/kaggle/input/datasets/safone/conjunctivitis-non-conjunctivitis/Non_Conjunctivitis/217.jpg,Non_Conjunctivitis,EXCLUDED,Sub_100px_or_Corrupt,48f11cc3a3be790ac8beff8d555802e1,53
/kaggle/input/datasets/safone/conjunctivitis-non-conjunctivitis/Non_Conjunctivitis/218.jpg,Non_Conjunctivitis,EXCLUDED,Sub_100px_or_Corrupt,9154d319f8b4c30821814321cff24b9e,54
/kaggle/input/datasets/safone/conjunctivitis-non-conjunctivitis/Non_Conjunctivitis/219.jpg,Non_Conjunctivitis,EXCLUDED,Sub_100px_or_Corrupt,7a1a642fa011af3202a1b2a47ea8be87,63
/kaggle/input/datasets/safone/conjunctivitis-non-conjunctivitis/Non_Conjunctivitis/22.jpg,Non_Conjunctivitis,EXCLUDED,Exact_MD5_or_MD5_Label_Conflict,f579eafdb798cbef10206e0b7c17ef15,407
/kaggle/input/datasets/safone/conjunctivitis-non-conjunctivitis/Non_Conjunctivitis/220.jpg,Non_Conjunctivitis,EXCLUDED,Sub_100px_or_Corrupt,3bef7b0047cfcdd64a2c59eef89b18ab,61
/kaggle/input/datasets/safone/conjunctivitis-non-conjunctivitis/Non_Conjunctivitis/221.jpg,Non_Conjunctivitis,EXCLUDED,Sub_100px_or_Corrupt,f3f1f27a0fed494fc7b7e56fcf07894a,51
/kaggle/input/datasets/safone/conjunctivitis-non-conjunctivitis/Non_Conjunctivitis/222.jpg,Non_Conjunctivitis,EXCLUDED,Sub_100px_or_Corrupt,9ad50527a9f35ab86e27bb5ebbb25391,65
/kaggle/input/datasets/safone/conjunctivitis-non-conjunctivitis/Non_Conjunctivitis/226.jpg,Non_Conjunctivitis,EXCLUDED,Sub_100px_or_Corrupt,c3e27be69ba50f70473689edd7e52e10,58
/kaggle/input/datasets/safone/conjunctivitis-non-conjunctivitis/Non_Conjunctivitis/23.jpg,Non_Conjunctivitis,EXCLUDED,Exact_MD5_or_MD5_Label_Conflict,5ef0232d58cb54085626617c8131438c,520
/kaggle/input/datasets/safone/conjunctivitis-non-conjunctivitis/Non_Conjunctivitis/231.jpg,Non_Conjunctivitis,EXCLUDED,Sub_100px_or_Corrupt,d086215173fd419e6d748c796f65684b,60
/kaggle/input/datasets/safone/conjunctivitis-non-conjunctivitis/Non_Conjunctivitis/232.jpg,Non_Conjunctivitis,EXCLUDED,Sub_100px_or_Corrupt,6e3d72d1dd7b5b056aeea9a5981ef936,50
/kaggle/input/datasets/safone/conjunctivitis-non-conjunctivitis/Non_Conjunctivitis/233.jpg,Non_Conjunctivitis,EXCLUDED,Sub_100px_or_Corrupt,0434dceef34139c6674f51169908ea7c,54
/kaggle/input/datasets/safone/conjunctivitis-non-conjunctivitis/Non_Conjunctivitis/234.jpg,Non_Conjunctivitis,EXCLUDED,Sub_100px_or_Corrupt,2b4c41671c430988f98ebeeb09036298,47
/kaggle/input/datasets/safone/conjunctivitis-non-conjunctivitis/Non_Conjunctivitis/235.jpg,Non_Conjunctivitis,EXCLUDED,Sub_100px_or_Corrupt,e4544b5c119da72f13c2fa64e2f17228,50
/kaggle/input/datasets/safone/conjunctivitis-non-conjunctivitis/Non_Conjunctivitis/236.jpg,Non_Conjunctivitis,EXCLUDED,Sub_100px_or_Corrupt,2b8af7a9e613b9a3b9b8bcfe746302e4,45
/kaggle/input/datasets/safone/conjunctivitis-non-conjunctivitis/Non_Conjunctivitis/237.jpg,Non_Conjunctivitis,EXCLUDED,Sub_100px_or_Corrupt,95cedf1a2036303452672a8c8668286e,47
/kaggle/input/datasets/safone/conjunctivitis-non-conjunctivitis/Non_Conjunctivitis/238.jpg,Non_Conjunctivitis,EXCLUDED,Sub_100px_or_Corrupt,c2e0fb710d5e347c9da85823c3a89773,75
/kaggle/input/datasets/safone/conjunctivitis-non-conjunctivitis/Non_Conjunctivitis/239.jpg,Non_Conjunctivitis,EXCLUDED,Sub_100px_or_Corrupt,af000f5194e127bafd8485e37fd1c81c,64
/kaggle/input/datasets/safone/conjunctivitis-non-conjunctivitis/Non_Conjunctivitis/24.jpg,Non_Conjunctivitis,EXCLUDED,Exact_MD5_or_MD5_Label_Conflict,824678cdc9fde30a9e5ae347999cf2b8,350
/kaggle/input/datasets/safone/conjunctivitis-non-conjunctivitis/Non_Conjunctivitis/246.jpg,Non_Conjunctivitis,EXCLUDED,Sub_100px_or_Corrupt,b48c960fd071a902f80000283479df33,49
/kaggle/input/datasets/safone/conjunctivitis-non-conjunctivitis/Non_Conjunctivitis/247.jpg,Non_Conjunctivitis,EXCLUDED,Sub_100px_or_Corrupt,974ff67df394a4aaddf9edf8ee548b5d,55
/kaggle/input/datasets/safone/conjunctivitis-non-conjunctivitis/Non_Conjunctivitis/248.jpg,Non_Conjunctivitis,EXCLUDED,Sub_100px_or_Corrupt,e3b9346a911a9d35c21d844f29409d0b,57
/kaggle/input/datasets/safone/conjunctivitis-non-conjunctivitis/Non_Conjunctivitis/249.jpg,Non_Conjunctivitis,EXCLUDED,Sub_100px_or_Corrupt,14727a088aa403aaa24b46840aee5112,56
/kaggle/input/datasets/safone/conjunctivitis-non-conjunctivitis/Non_Conjunctivitis/25.jpg,Non_Conjunctivitis,EXCLUDED,Exact_MD5_or_MD5_Label_Conflict,12aa2c604a3e7782510cc90aa643f984,360
/kaggle/input/datasets/safone/conjunctivitis-non-conjunctivitis/Non_Conjunctivitis/250.jpg,Non_Conjunctivitis,EXCLUDED,Sub_100px_or_Corrupt,68d8efe18616ba1b34b4ff99a7ab3d19,52
/kaggle/input/datasets/safone/conjunctivitis-non-conjunctivitis/Non_Conjunctivitis/251.jpg,Non_Conjunctivitis,EXCLUDED,Sub_100px_or_Corrupt,1009827fddb5efffbb06103d31e7b404,59
/kaggle/input/datasets/safone/conjunctivitis-non-conjunctivitis/Non_Conjunctivitis/254.jpg,Non_Conjunctivitis,EXCLUDED,Sub_100px_or_Corrupt,f625b04f90baecb47b6ad2862e3f228a,60
/kaggle/input/datasets/safone/conjunctivitis-non-conjunctivitis/Non_Conjunctivitis/255.jpg,Non_Conjunctivitis,EXCLUDED,Sub_100px_or_Corrupt,5add7710cd8fe829597f599f3a480384,53
/kaggle/input/datasets/safone/conjunctivitis-non-conjunctivitis/Non_Conjunctivitis/256.jpg,Non_Conjunctivitis,EXCLUDED,Sub_100px_or_Corrupt,8882e168ab60015475f5faea961f0a81,48
/kaggle/input/datasets/safone/conjunctivitis-non-conjunctivitis/Non_Conjunctivitis/257.jpg,Non_Conjunctivitis,EXCLUDED,Sub_100px_or_Corrupt,417f7948fe0c6496ba4c1a55893c0141,45
/kaggle/input/datasets/safone/conjunctivitis-non-conjunctivitis/Non_Conjunctivitis/258.jpg,Non_Conjunctivitis,EXCLUDED,Sub_100px_or_Corrupt,3eb744be4b64107820a057ff1d890277,49
/kaggle/input/datasets/safone/conjunctivitis-non-conjunctivitis/Non_Conjunctivitis/259.jpg,Non_Conjunctivitis,EXCLUDED,Sub_100px_or_Corrupt,f260acb06ff4f40d452bc97afae7115b,60
/kaggle/input/datasets/safone/conjunctivitis-non-conjunctivitis/Non_Conjunctivitis/26.jpg,Non_Conjunctivitis,EXCLUDED,Exact_MD5_or_MD5_Label_Conflict,8fbf2fa219d9b0f40bfc63c90896ad13,183
/kaggle/input/datasets/safone/conjunctivitis-non-conjunctivitis/Non_Conjunctivitis/262.jpg,Non_Conjunctivitis,EXCLUDED,Sub_100px_or_Corrupt,90011eaddd2e9e8596fcbd62c2c77329,51
/kaggle/input/datasets/safone/conjunctivitis-non-conjunctivitis/Non_Conjunctivitis/265.jpg,Non_Conjunctivitis,EXCLUDED,Sub_100px_or_Corrupt,75628efb79491a12ab1ca654754dfa49,56
/kaggle/input/datasets/safone/conjunctivitis-non-conjunctivitis/Non_Conjunctivitis/266.jpg,Non_Conjunctivitis,EXCLUDED,Sub_100px_or_Corrupt,caad8197b5aeb088df2aa03a64197cd9,58
/kaggle/input/datasets/safone/conjunctivitis-non-conjunctivitis/Non_Conjunctivitis/267.jpg,Non_Conjunctivitis,EXCLUDED,Sub_100px_or_Corrupt,a23083fd4a41aa663396e2e26daa6701,54
/kaggle/input/datasets/safone/conjunctivitis-non-conjunctivitis/Non_Conjunctivitis/27.jpg,Non_Conjunctivitis,EXCLUDED,Exact_MD5_or_MD5_Label_Conflict,006570e305a28195c02f9486aab68921,224
/kaggle/input/datasets/safone/conjunctivitis-non-conjunctivitis/Non_Conjunctivitis/271.jpg,Non_Conjunctivitis,EXCLUDED,Sub_100px_or_Corrupt,fd9d39709e5c622dc1fd894fd6301f96,57
/kaggle/input/datasets/safone/conjunctivitis-non-conjunctivitis/Non_Conjunctivitis/272.jpg,Non_Conjunctivitis,EXCLUDED,Sub_100px_or_Corrupt,6bfde365f6ea0bf72ec7a9751b07399a,72
/kaggle/input/datasets/safone/conjunctivitis-non-conjunctivitis/Non_Conjunctivitis/273.jpg,Non_Conjunctivitis,EXCLUDED,Sub_100px_or_Corrupt,4df787c0c96ca3e5b6643c5d572c0e60,47
/kaggle/input/datasets/safone/conjunctivitis-non-conjunctivitis/Non_Conjunctivitis/276.jpg,Non_Conjunctivitis,EXCLUDED,Sub_100px_or_Corrupt,670f18f670917f936f59e9439cd97d6a,53
/kaggle/input/datasets/safone/conjunctivitis-non-conjunctivitis/Non_Conjunctivitis/277.jpg,Non_Conjunctivitis,EXCLUDED,Sub_100px_or_Corrupt,4b3a4b13c7592cda817442491ca188c7,61
/kaggle/input/datasets/safone/conjunctivitis-non-conjunctivitis/Non_Conjunctivitis/278.jpg,Non_Conjunctivitis,EXCLUDED,Sub_100px_or_Corrupt,48778588ed71ac55519503e53713d6e2,42
/kaggle/input/datasets/safone/conjunctivitis-non-conjunctivitis/Non_Conjunctivitis/28.jpg,Non_Conjunctivitis,EXCLUDED,Exact_MD5_or_MD5_Label_Conflict,00755bbb490aba9833472565ea96cde2,708
/kaggle/input/datasets/safone/conjunctivitis-non-conjunctivitis/Non_Conjunctivitis/280.jpg,Non_Conjunctivitis,EXCLUDED,Sub_100px_or_Corrupt,173a307d4f8678fe8b16a9b6fdf1bd6c,47
/kaggle/input/datasets/safone/conjunctivitis-non-conjunctivitis/Non_Conjunctivitis/281.jpg,Non_Conjunctivitis,EXCLUDED,Sub_100px_or_Corrupt,831c3dd8a5ba70a8b1e759404ec2a7d0,56
/kaggle/input/datasets/safone/conjunctivitis-non-conjunctivitis/Non_Conjunctivitis/282.jpg,Non_Conjunctivitis,EXCLUDED,Sub_100px_or_Corrupt,05dc42755aa93aa2f336b49bee34ef7d,49
/kaggle/input/datasets/safone/conjunctivitis-non-conjunctivitis/Non_Conjunctivitis/283.jpg,Non_Conjunctivitis,EXCLUDED,Sub_100px_or_Corrupt,3c6b2e97f3ead0bc9c8488acc98b0bc5,42
/kaggle/input/datasets/safone/conjunctivitis-non-conjunctivitis/Non_Conjunctivitis/286.jpg,Non_Conjunctivitis,EXCLUDED,Sub_100px_or_Corrupt,f15822c5165102e0e822f5cdcab97d01,47
/kaggle/input/datasets/safone/conjunctivitis-non-conjunctivitis/Non_Conjunctivitis/288.jpg,Non_Conjunctivitis,EXCLUDED,Sub_100px_or_Corrupt,c84084ff69e0a9ae7328ebc9c8b58de2,54
/kaggle/input/datasets/safone/conjunctivitis-non-conjunctivitis/Non_Conjunctivitis/289.jpg,Non_Conjunctivitis,EXCLUDED,Sub_100px_or_Corrupt,c0286710a42cb36d9f43afa89529aec1,50
/kaggle/input/datasets/safone/conjunctivitis-non-conjunctivitis/Non_Conjunctivitis/29.jpg,Non_Conjunctivitis,EXCLUDED,Exact_MD5_or_MD5_Label_Conflict,a0ecccfc9994708803d17c17413425ff,406
/kaggle/input/datasets/safone/conjunctivitis-non-conjunctivitis/Non_Conjunctivitis/290.jpg,Non_Conjunctivitis,EXCLUDED,Sub_100px_or_Corrupt,f185173b6f52101f8bc4fcbbbdb8cc04,57
/kaggle/input/datasets/safone/conjunctivitis-non-conjunctivitis/Non_Conjunctivitis/291.jpg,Non_Conjunctivitis,EXCLUDED,Sub_100px_or_Corrupt,75151fb58058e444db8b6ed2ed35eee8,57
/kaggle/input/datasets/safone/conjunctivitis-non-conjunctivitis/Non_Conjunctivitis/292.jpg,Non_Conjunctivitis,EXCLUDED,Sub_100px_or_Corrupt,25656e2c753b795e8885042e8d1b9ec6,62
/kaggle/input/datasets/safone/conjunctivitis-non-conjunctivitis/Non_Conjunctivitis/293.jpg,Non_Conjunctivitis,EXCLUDED,Sub_100px_or_Corrupt,a378a83d07745daf4cc007398019187a,70
/kaggle/input/datasets/safone/conjunctivitis-non-conjunctivitis/Non_Conjunctivitis/294.jpg,Non_Conjunctivitis,EXCLUDED,Sub_100px_or_Corrupt,cf1cab465e3bfd1c4fa5286430b8e02a,51
/kaggle/input/datasets/safone/conjunctivitis-non-conjunctivitis/Non_Conjunctivitis/295.jpg,Non_Conjunctivitis,EXCLUDED,Sub_100px_or_Corrupt,703c56f72da4b1b40968cf7e8b37b482,54
/kaggle/input/datasets/safone/conjunctivitis-non-conjunctivitis/Non_Conjunctivitis/297.jpg,Non_Conjunctivitis,EXCLUDED,Sub_100px_or_Corrupt,982d7c03290e7e63d7e19bd649e2fcc5,49
/kaggle/input/datasets/safone/conjunctivitis-non-conjunctivitis/Non_Conjunctivitis/298.jpg,Non_Conjunctivitis,EXCLUDED,Sub_100px_or_Corrupt,3eb83373d4c57f6fe66e45437c5a4049,53
/kaggle/input/datasets/safone/conjunctivitis-non-conjunctivitis/Non_Conjunctivitis/299.jpg,Non_Conjunctivitis,EXCLUDED,Sub_100px_or_Corrupt,8a8aa6bc40dd0b3c9c5e11f2979dd3f1,63
/kaggle/input/datasets/safone/conjunctivitis-non-conjunctivitis/Non_Conjunctivitis/3.jpg,Non_Conjunctivitis,EXCLUDED,Exact_MD5_or_MD5_Label_Conflict,70d49a9ecbbc1ff6c4aefda1065e0171,300
/kaggle/input/datasets/safone/conjunctivitis-non-conjunctivitis/Non_Conjunctivitis/30.jpg,Non_Conjunctivitis,EXCLUDED,Exact_MD5_or_MD5_Label_Conflict,5bdc74becc1c870bb80dd323452fc09e,950
/kaggle/input/datasets/safone/conjunctivitis-non-conjunctivitis/Non_Conjunctivitis/300.jpg,Non_Conjunctivitis,EXCLUDED,Sub_100px_or_Corrupt,b331454ae18f4ee341c978344c4e8663,50
/kaggle/input/datasets/safone/conjunctivitis-non-conjunctivitis/Non_Conjunctivitis/301.jpg,Non_Conjunctivitis,EXCLUDED,Sub_100px_or_Corrupt,2d4e054b792181cc1a28d9f514d179c0,56
/kaggle/input/datasets/safone/conjunctivitis-non-conjunctivitis/Non_Conjunctivitis/305.jpg,Non_Conjunctivitis,EXCLUDED,Sub_100px_or_Corrupt,c3af72b231b0f02e2ab4f7150f043949,68
/kaggle/input/datasets/safone/conjunctivitis-non-conjunctivitis/Non_Conjunctivitis/306.jpg,Non_Conjunctivitis,EXCLUDED,Sub_100px_or_Corrupt,01d55409c52eaedf32a9e8d5f9cb816a,59
/kaggle/input/datasets/safone/conjunctivitis-non-conjunctivitis/Non_Conjunctivitis/307.jpg,Non_Conjunctivitis,EXCLUDED,Sub_100px_or_Corrupt,ba203456079cb6937d0591ff5628e989,64
/kaggle/input/datasets/safone/conjunctivitis-non-conjunctivitis/Non_Conjunctivitis/308.jpg,Non_Conjunctivitis,EXCLUDED,Sub_100px_or_Corrupt,fe2ce0088ed2b09835e552960d347b38,64
/kaggle/input/datasets/safone/conjunctivitis-non-conjunctivitis/Non_Conjunctivitis/309.jpg,Non_Conjunctivitis,EXCLUDED,Sub_100px_or_Corrupt,af9ebf9e1b6b3115773164b294c464e7,53
/kaggle/input/datasets/safone/conjunctivitis-non-conjunctivitis/Non_Conjunctivitis/31.jpg,Non_Conjunctivitis,EXCLUDED,Exact_MD5_or_MD5_Label_Conflict,1f5c8b7c15595343228d6f66fa9a1af1,225
/kaggle/input/datasets/safone/conjunctivitis-non-conjunctivitis/Non_Conjunctivitis/310.jpg,Non_Conjunctivitis,EXCLUDED,Sub_100px_or_Corrupt,81325b7de8f0d561a16417be29e663e6,59
/kaggle/input/datasets/safone/conjunctivitis-non-conjunctivitis/Non_Conjunctivitis/311.jpg,Non_Conjunctivitis,EXCLUDED,Sub_100px_or_Corrupt,e41336acf26159b2c403a21a231c52d5,63
/kaggle/input/datasets/safone/conjunctivitis-non-conjunctivitis/Non_Conjunctivitis/312.jpg,Non_Conjunctivitis,EXCLUDED,Sub_100px_or_Corrupt,98750cdab1663b5d888bde033377c91c,70
/kaggle/input/datasets/safone/conjunctivitis-non-conjunctivitis/Non_Conjunctivitis/313.jpg,Non_Conjunctivitis,EXCLUDED,Sub_100px_or_Corrupt,c6b808971e2b47b172fe1c3b2ed676eb,59
/kaggle/input/datasets/safone/conjunctivitis-non-conjunctivitis/Non_Conjunctivitis/317.jpg,Non_Conjunctivitis,EXCLUDED,Sub_100px_or_Corrupt,4f061a9cbd7405afeef946faa4701459,53
/kaggle/input/datasets/safone/conjunctivitis-non-conjunctivitis/Non_Conjunctivitis/318.jpg,Non_Conjunctivitis,EXCLUDED,Sub_100px_or_Corrupt,ecc910354658ad53c04558cf5720b975,54
/kaggle/input/datasets/safone/conjunctivitis-non-conjunctivitis/Non_Conjunctivitis/319.jpg,Non_Conjunctivitis,EXCLUDED,Sub_100px_or_Corrupt,44c5ba0b19ef549a8f2604fb603d9009,70
/kaggle/input/datasets/safone/conjunctivitis-non-conjunctivitis/Non_Conjunctivitis/32.jpg,Non_Conjunctivitis,EXCLUDED,Exact_MD5_or_MD5_Label_Conflict,6d3f345464105e013f07df5f365ec222,854
/kaggle/input/datasets/safone/conjunctivitis-non-conjunctivitis/Non_Conjunctivitis/320.jpg,Non_Conjunctivitis,EXCLUDED,Sub_100px_or_Corrupt,87a3be8e5536d33fb08872654583bd72,59
/kaggle/input/datasets/safone/conjunctivitis-non-conjunctivitis/Non_Conjunctivitis/321.jpg,Non_Conjunctivitis,EXCLUDED,Sub_100px_or_Corrupt,1f83f01666663ec8f641c641cc8dd909,47
/kaggle/input/datasets/safone/conjunctivitis-non-conjunctivitis/Non_Conjunctivitis/323.jpg,Non_Conjunctivitis,EXCLUDED,Sub_100px_or_Corrupt,14b1f1bf78341ff1f6fafeef2a9e24b6,63
/kaggle/input/datasets/safone/conjunctivitis-non-conjunctivitis/Non_Conjunctivitis/324.jpg,Non_Conjunctivitis,EXCLUDED,Sub_100px_or_Corrupt,d8f09908e61fbdcb4cb681c7feee9192,66
/kaggle/input/datasets/safone/conjunctivitis-non-conjunctivitis/Non_Conjunctivitis/325.jpg,Non_Conjunctivitis,EXCLUDED,Sub_100px_or_Corrupt,3764ed8300f3747ba998201df5725017,54
/kaggle/input/datasets/safone/conjunctivitis-non-conjunctivitis/Non_Conjunctivitis/326.jpg,Non_Conjunctivitis,EXCLUDED,Sub_100px_or_Corrupt,402c9aa4eded3540e220f0e334bcd525,57
/kaggle/input/datasets/safone/conjunctivitis-non-conjunctivitis/Non_Conjunctivitis/327.jpg,Non_Conjunctivitis,EXCLUDED,Sub_100px_or_Corrupt,303b1cfa66abfa5ab12a6a194f95f7bd,57
/kaggle/input/datasets/safone/conjunctivitis-non-conjunctivitis/Non_Conjunctivitis/328.jpg,Non_Conjunctivitis,EXCLUDED,Sub_100px_or_Corrupt,d0257fdaf827e55824bd007b5cef23d8,54
/kaggle/input/datasets/safone/conjunctivitis-non-conjunctivitis/Non_Conjunctivitis/329.jpg,Non_Conjunctivitis,EXCLUDED,Sub_100px_or_Corrupt,fe945415ee828249905264329dc41e5d,54
/kaggle/input/datasets/safone/conjunctivitis-non-conjunctivitis/Non_Conjunctivitis/33.jpg,Non_Conjunctivitis,EXCLUDED,Exact_MD5_or_MD5_Label_Conflict,44abecb0f587a4836dd2ea9fde978c29,191
/kaggle/input/datasets/safone/conjunctivitis-non-conjunctivitis/Non_Conjunctivitis/330.jpg,Non_Conjunctivitis,EXCLUDED,Sub_100px_or_Corrupt,1c9c0eb3a8c15ac578627873d0b83cd3,57
/kaggle/input/datasets/safone/conjunctivitis-non-conjunctivitis/Non_Conjunctivitis/331.jpg,Non_Conjunctivitis,EXCLUDED,Sub_100px_or_Corrupt,239c99716910700c9bbf3cbce0c014e8,54
/kaggle/input/datasets/safone/conjunctivitis-non-conjunctivitis/Non_Conjunctivitis/334.jpg,Non_Conjunctivitis,EXCLUDED,Sub_100px_or_Corrupt,06f86801e8daedc36cd4c968e077663d,80
/kaggle/input/datasets/safone/conjunctivitis-non-conjunctivitis/Non_Conjunctivitis/336.jpg,Non_Conjunctivitis,EXCLUDED,Sub_100px_or_Corrupt,5e9c7f2ef61dcde1bf52ec4fcd43ac63,60
/kaggle/input/datasets/safone/conjunctivitis-non-conjunctivitis/Non_Conjunctivitis/339.jpg,Non_Conjunctivitis,EXCLUDED,Sub_100px_or_Corrupt,2d04d01e5f618937ffcf1098ee51c8ff,52
/kaggle/input/datasets/safone/conjunctivitis-non-conjunctivitis/Non_Conjunctivitis/34.jpg,Non_Conjunctivitis,EXCLUDED,Exact_MD5_or_MD5_Label_Conflict,c55d9385390bc9249b4b97febf0cf1d5,1280
/kaggle/input/datasets/safone/conjunctivitis-non-conjunctivitis/Non_Conjunctivitis/340.jpg,Non_Conjunctivitis,EXCLUDED,Sub_100px_or_Corrupt,4e0e71973b72130e6780c517dadd8cc7,61
/kaggle/input/datasets/safone/conjunctivitis-non-conjunctivitis/Non_Conjunctivitis/341.jpg,Non_Conjunctivitis,EXCLUDED,Sub_100px_or_Corrupt,528eef293eba429271b4c092af4b2ed6,58
/kaggle/input/datasets/safone/conjunctivitis-non-conjunctivitis/Non_Conjunctivitis/342.jpg,Non_Conjunctivitis,EXCLUDED,Sub_100px_or_Corrupt,cc0e0ac9184be6959349e15585be73b1,54
/kaggle/input/datasets/safone/conjunctivitis-non-conjunctivitis/Non_Conjunctivitis/343.jpg,Non_Conjunctivitis,EXCLUDED,Sub_100px_or_Corrupt,5b0280c7a64050e72b3a649f37632239,59
/kaggle/input/datasets/safone/conjunctivitis-non-conjunctivitis/Non_Conjunctivitis/344.jpg,Non_Conjunctivitis,EXCLUDED,Sub_100px_or_Corrupt,e0e77bdc86c49b2f56955117524b5419,57
/kaggle/input/datasets/safone/conjunctivitis-non-conjunctivitis/Non_Conjunctivitis/345.jpg,Non_Conjunctivitis,EXCLUDED,Sub_100px_or_Corrupt,b0199bbd46702673142d77dfcccc8f61,48
/kaggle/input/datasets/safone/conjunctivitis-non-conjunctivitis/Non_Conjunctivitis/346.jpg,Non_Conjunctivitis,EXCLUDED,Sub_100px_or_Corrupt,8b2e9eb5eef02a24692b249cd735ed94,49
/kaggle/input/datasets/safone/conjunctivitis-non-conjunctivitis/Non_Conjunctivitis/347.jpg,Non_Conjunctivitis,EXCLUDED,Sub_100px_or_Corrupt,17837a9755514934bd756ba0286c933f,56
/kaggle/input/datasets/safone/conjunctivitis-non-conjunctivitis/Non_Conjunctivitis/349.jpg,Non_Conjunctivitis,EXCLUDED,Sub_100px_or_Corrupt,d807170e2f2c1ea729fed2ed83a8a250,41
/kaggle/input/datasets/safone/conjunctivitis-non-conjunctivitis/Non_Conjunctivitis/35.jpg,Non_Conjunctivitis,EXCLUDED,Exact_MD5_or_MD5_Label_Conflict,846774984568a811513a47c32e769946,407
/kaggle/input/datasets/safone/conjunctivitis-non-conjunctivitis/Non_Conjunctivitis/350.jpg,Non_Conjunctivitis,EXCLUDED,Sub_100px_or_Corrupt,22e3ce08bfcbc31d4e721b13fdc10d02,67
/kaggle/input/datasets/safone/conjunctivitis-non-conjunctivitis/Non_Conjunctivitis/351.jpg,Non_Conjunctivitis,EXCLUDED,Sub_100px_or_Corrupt,1486dc91d5d17e40508fe5d845f38e77,64
/kaggle/input/datasets/safone/conjunctivitis-non-conjunctivitis/Non_Conjunctivitis/352.jpg,Non_Conjunctivitis,EXCLUDED,Sub_100px_or_Corrupt,b3a359bad5b3579f891686b41fbf4335,49
/kaggle/input/datasets/safone/conjunctivitis-non-conjunctivitis/Non_Conjunctivitis/353.jpg,Non_Conjunctivitis,EXCLUDED,Sub_100px_or_Corrupt,7ae5fccb6ba1df7b9ae4d5d6913acade,45
/kaggle/input/datasets/safone/conjunctivitis-non-conjunctivitis/Non_Conjunctivitis/354.jpg,Non_Conjunctivitis,EXCLUDED,Sub_100px_or_Corrupt,271fadede4589b3dd3139fc6b4cd8984,56
/kaggle/input/datasets/safone/conjunctivitis-non-conjunctivitis/Non_Conjunctivitis/355.jpg,Non_Conjunctivitis,EXCLUDED,Sub_100px_or_Corrupt,012e46371e8c04567b7603aab41e9f1a,62
/kaggle/input/datasets/safone/conjunctivitis-non-conjunctivitis/Non_Conjunctivitis/356.jpg,Non_Conjunctivitis,EXCLUDED,Sub_100px_or_Corrupt,1aeb613e08388ac05eae9addffef45bf,55
/kaggle/input/datasets/safone/conjunctivitis-non-conjunctivitis/Non_Conjunctivitis/357.jpg,Non_Conjunctivitis,EXCLUDED,pHash_or_Conflict;Sub_100px_or_Corrupt,39d395fa21fc66ed5f2616660f1e945c,59
/kaggle/input/datasets/safone/conjunctivitis-non-conjunctivitis/Non_Conjunctivitis/358.jpg,Non_Conjunctivitis,EXCLUDED,Sub_100px_or_Corrupt,a858f634f5399dadfa1c9027c2486a5f,63
/kaggle/input/datasets/safone/conjunctivitis-non-conjunctivitis/Non_Conjunctivitis/359.jpg,Non_Conjunctivitis,EXCLUDED,Sub_100px_or_Corrupt,052275584d32d707179be5624802e9c3,55
/kaggle/input/datasets/safone/conjunctivitis-non-conjunctivitis/Non_Conjunctivitis/36.jpg,Non_Conjunctivitis,EXCLUDED,Exact_MD5_or_MD5_Label_Conflict,9ddc958ccf9a0278dfdf68af75dc2d19,172
/kaggle/input/datasets/safone/conjunctivitis-non-conjunctivitis/Non_Conjunctivitis/365.jpg,Non_Conjunctivitis,EXCLUDED,Sub_100px_or_Corrupt,ad987aa2335574559f4952aabff7bd4a,54
/kaggle/input/datasets/safone/conjunctivitis-non-conjunctivitis/Non_Conjunctivitis/367.jpg,Non_Conjunctivitis,EXCLUDED,Sub_100px_or_Corrupt,0c1bd3575bf2f7899b3968d469e1df2e,49
/kaggle/input/datasets/safone/conjunctivitis-non-conjunctivitis/Non_Conjunctivitis/368.jpg,Non_Conjunctivitis,EXCLUDED,Sub_100px_or_Corrupt,dc023eec239e5c2b7b3ae372228dc707,64
/kaggle/input/datasets/safone/conjunctivitis-non-conjunctivitis/Non_Conjunctivitis/37.jpg,Non_Conjunctivitis,EXCLUDED,Exact_MD5_or_MD5_Label_Conflict,f9fde2b7cb850e7c7d80f6b4c1b7f994,394
/kaggle/input/datasets/safone/conjunctivitis-non-conjunctivitis/Non_Conjunctivitis/371.jpg,Non_Conjunctivitis,EXCLUDED,Sub_100px_or_Corrupt,a0a97f0d3c3411479ea88f3ad6d7762d,57
/kaggle/input/datasets/safone/conjunctivitis-non-conjunctivitis/Non_Conjunctivitis/372.jpg,Non_Conjunctivitis,EXCLUDED,Sub_100px_or_Corrupt,06ce8cabaacd70a37329106471f2bc72,52
/kaggle/input/datasets/safone/conjunctivitis-non-conjunctivitis/Non_Conjunctivitis/373.jpg,Non_Conjunctivitis,EXCLUDED,Sub_100px_or_Corrupt,bc951ecb0bc0ca3c257c2cb8b4e63d58,50
/kaggle/input/datasets/safone/conjunctivitis-non-conjunctivitis/Non_Conjunctivitis/378.jpg,Non_Conjunctivitis,EXCLUDED,Sub_100px_or_Corrupt,2d446b7fee9a7230205e2377ce9e8bc7,61
/kaggle/input/datasets/safone/conjunctivitis-non-conjunctivitis/Non_Conjunctivitis/379.jpg,Non_Conjunctivitis,EXCLUDED,Sub_100px_or_Corrupt,cf75dd7e267baac999672f2753ec7b38,55
/kaggle/input/datasets/safone/conjunctivitis-non-conjunctivitis/Non_Conjunctivitis/38.jpg,Non_Conjunctivitis,EXCLUDED,Exact_MD5_or_MD5_Label_Conflict,1198d331c3b42624139be67bc5e13540,225
/kaggle/input/datasets/safone/conjunctivitis-non-conjunctivitis/Non_Conjunctivitis/384.jpg,Non_Conjunctivitis,EXCLUDED,Sub_100px_or_Corrupt,11b77c97df0e66fbc0dd4f4f6555703b,56
/kaggle/input/datasets/safone/conjunctivitis-non-conjunctivitis/Non_Conjunctivitis/385.jpg,Non_Conjunctivitis,EXCLUDED,Sub_100px_or_Corrupt,c93a87696e87e10a5b7376fb2629c87d,48
/kaggle/input/datasets/safone/conjunctivitis-non-conjunctivitis/Non_Conjunctivitis/386.jpg,Non_Conjunctivitis,EXCLUDED,Sub_100px_or_Corrupt,e10d2640b8b9023cf4b4c46d4620a04b,54
/kaggle/input/datasets/safone/conjunctivitis-non-conjunctivitis/Non_Conjunctivitis/387.jpg,Non_Conjunctivitis,EXCLUDED,Sub_100px_or_Corrupt,81884b8411d21ee3428b98a838f35de9,56
/kaggle/input/datasets/safone/conjunctivitis-non-conjunctivitis/Non_Conjunctivitis/388.jpg,Non_Conjunctivitis,EXCLUDED,Sub_100px_or_Corrupt,aff69573e5d99d69ef1911535bb23d7b,55
/kaggle/input/datasets/safone/conjunctivitis-non-conjunctivitis/Non_Conjunctivitis/389.jpg,Non_Conjunctivitis,EXCLUDED,Sub_100px_or_Corrupt,ce777a94280b1e06387ab2fe5cd3d01c,62
/kaggle/input/datasets/safone/conjunctivitis-non-conjunctivitis/Non_Conjunctivitis/39.jpg,Non_Conjunctivitis,EXCLUDED,Exact_MD5_or_MD5_Label_Conflict,8e5b746de8503767edd9dcf8171a95ca,473
/kaggle/input/datasets/safone/conjunctivitis-non-conjunctivitis/Non_Conjunctivitis/390.jpg,Non_Conjunctivitis,EXCLUDED,Sub_100px_or_Corrupt,be37aa41280a8845987981d8ada6a7b2,58
/kaggle/input/datasets/safone/conjunctivitis-non-conjunctivitis/Non_Conjunctivitis/391.jpg,Non_Conjunctivitis,EXCLUDED,Sub_100px_or_Corrupt,a277da5da5fa1a872ffaea80b097f294,54
/kaggle/input/datasets/safone/conjunctivitis-non-conjunctivitis/Non_Conjunctivitis/392.jpg,Non_Conjunctivitis,EXCLUDED,Sub_100px_or_Corrupt,f0adf070747fbc6d2f24b8e553c14696,56
/kaggle/input/datasets/safone/conjunctivitis-non-conjunctivitis/Non_Conjunctivitis/393.jpg,Non_Conjunctivitis,EXCLUDED,Sub_100px_or_Corrupt,73933a81dcb140f72d0c5b7c101a7736,43
/kaggle/input/datasets/safone/conjunctivitis-non-conjunctivitis/Non_Conjunctivitis/394.jpg,Non_Conjunctivitis,EXCLUDED,Sub_100px_or_Corrupt,c71b2b5ed35504f2344008a4544ab29f,52
/kaggle/input/datasets/safone/conjunctivitis-non-conjunctivitis/Non_Conjunctivitis/396.jpg,Non_Conjunctivitis,EXCLUDED,Sub_100px_or_Corrupt,96f0b5de1c02ab64c5185dd822402034,52
/kaggle/input/datasets/safone/conjunctivitis-non-conjunctivitis/Non_Conjunctivitis/397.jpg,Non_Conjunctivitis,EXCLUDED,Sub_100px_or_Corrupt,918fa75c2984949f874a45f5dc3bf0a1,50
/kaggle/input/datasets/safone/conjunctivitis-non-conjunctivitis/Non_Conjunctivitis/398.jpg,Non_Conjunctivitis,EXCLUDED,Sub_100px_or_Corrupt,167e40234cb32843d931e77f046540e5,51
/kaggle/input/datasets/safone/conjunctivitis-non-conjunctivitis/Non_Conjunctivitis/399.jpg,Non_Conjunctivitis,EXCLUDED,Sub_100px_or_Corrupt,3f8a7f85992dbf531fa568c7074786f6,51
/kaggle/input/datasets/safone/conjunctivitis-non-conjunctivitis/Non_Conjunctivitis/4.jpg,Non_Conjunctivitis,EXCLUDED,Exact_MD5_or_MD5_Label_Conflict,fbef648da64cc1896a1ad191346b5827,183
/kaggle/input/datasets/safone/conjunctivitis-non-conjunctivitis/Non_Conjunctivitis/40.jpg,Non_Conjunctivitis,EXCLUDED,Exact_MD5_or_MD5_Label_Conflict,077df24654c823fb551c5ad2461cb405,201
/kaggle/input/datasets/safone/conjunctivitis-non-conjunctivitis/Non_Conjunctivitis/400.jpg,Non_Conjunctivitis,EXCLUDED,Sub_100px_or_Corrupt,b739f8c5610d165a3516b342ba6a4d98,62
/kaggle/input/datasets/safone/conjunctivitis-non-conjunctivitis/Non_Conjunctivitis/401.jpg,Non_Conjunctivitis,EXCLUDED,Sub_100px_or_Corrupt,ab472b48c65c152903c1ee4dc769d7a7,56
/kaggle/input/datasets/safone/conjunctivitis-non-conjunctivitis/Non_Conjunctivitis/402.jpg,Non_Conjunctivitis,EXCLUDED,Sub_100px_or_Corrupt,a801fe5ca788f393c2a98eb6892eb514,62
/kaggle/input/datasets/safone/conjunctivitis-non-conjunctivitis/Non_Conjunctivitis/403.jpg,Non_Conjunctivitis,EXCLUDED,Sub_100px_or_Corrupt,da89dc5c5cd3596e2a66761f659e0c15,75
/kaggle/input/datasets/safone/conjunctivitis-non-conjunctivitis/Non_Conjunctivitis/404.jpg,Non_Conjunctivitis,EXCLUDED,Sub_100px_or_Corrupt,67b0750050baa3e3bbfc124e330b221b,61
/kaggle/input/datasets/safone/conjunctivitis-non-conjunctivitis/Non_Conjunctivitis/405.jpg,Non_Conjunctivitis,EXCLUDED,Sub_100px_or_Corrupt,661ae690a186d4589ceeb65778f9a00b,61
/kaggle/input/datasets/safone/conjunctivitis-non-conjunctivitis/Non_Conjunctivitis/407.jpg,Non_Conjunctivitis,EXCLUDED,Sub_100px_or_Corrupt,e981cf3e4622efb16e1c94ff1fd09d4a,51
/kaggle/input/datasets/safone/conjunctivitis-non-conjunctivitis/Non_Conjunctivitis/41.jpg,Non_Conjunctivitis,EXCLUDED,Exact_MD5_or_MD5_Label_Conflict,80d95ebf21dbd62fbb8ad4ffe84f926d,683
/kaggle/input/datasets/safone/conjunctivitis-non-conjunctivitis/Non_Conjunctivitis/410.jpg,Non_Conjunctivitis,EXCLUDED,Sub_100px_or_Corrupt,085a3623f768e67d50d75227daab7e44,51
/kaggle/input/datasets/safone/conjunctivitis-non-conjunctivitis/Non_Conjunctivitis/411.jpg,Non_Conjunctivitis,EXCLUDED,Sub_100px_or_Corrupt,41c9859228b9674ebaaac4c27ca77977,81
/kaggle/input/datasets/safone/conjunctivitis-non-conjunctivitis/Non_Conjunctivitis/412.jpg,Non_Conjunctivitis,EXCLUDED,Sub_100px_or_Corrupt,918e01e282827cb597a9180ea57afe52,68
/kaggle/input/datasets/safone/conjunctivitis-non-conjunctivitis/Non_Conjunctivitis/413.jpg,Non_Conjunctivitis,EXCLUDED,Sub_100px_or_Corrupt,05c84ee03412a48fad1ab3cb7746b830,61
/kaggle/input/datasets/safone/conjunctivitis-non-conjunctivitis/Non_Conjunctivitis/416.jpg,Non_Conjunctivitis,EXCLUDED,Sub_100px_or_Corrupt,a174a7bebcd69081864b978fea45d02d,51
/kaggle/input/datasets/safone/conjunctivitis-non-conjunctivitis/Non_Conjunctivitis/417.jpg,Non_Conjunctivitis,EXCLUDED,Sub_100px_or_Corrupt,f42d13440972efff5040358ab082099d,49
/kaggle/input/datasets/safone/conjunctivitis-non-conjunctivitis/Non_Conjunctivitis/418.jpg,Non_Conjunctivitis,EXCLUDED,Sub_100px_or_Corrupt,b7805fb49ceb1a94bd179b5a4e31ddcf,52
/kaggle/input/datasets/safone/conjunctivitis-non-conjunctivitis/Non_Conjunctivitis/419.jpg,Non_Conjunctivitis,EXCLUDED,Sub_100px_or_Corrupt,a5fa20bb4ecd9e95a062dc9f30e9dcf7,54
/kaggle/input/datasets/safone/conjunctivitis-non-conjunctivitis/Non_Conjunctivitis/42.jpg,Non_Conjunctivitis,EXCLUDED,Exact_MD5_or_MD5_Label_Conflict,ee4b020de7bd353be80375b67c73fbaa,601
/kaggle/input/datasets/safone/conjunctivitis-non-conjunctivitis/Non_Conjunctivitis/421.jpg,Non_Conjunctivitis,EXCLUDED,Sub_100px_or_Corrupt,396f13f5bd9a1a9150ebd4c16d0d8954,74
/kaggle/input/datasets/safone/conjunctivitis-non-conjunctivitis/Non_Conjunctivitis/422.jpg,Non_Conjunctivitis,EXCLUDED,Sub_100px_or_Corrupt,03b00203bbd0844b00938f195bcf2272,89
/kaggle/input/datasets/safone/conjunctivitis-non-conjunctivitis/Non_Conjunctivitis/423.jpg,Non_Conjunctivitis,EXCLUDED,Sub_100px_or_Corrupt,71dac3b7e488f0b46f6944fc500c4ee6,57
/kaggle/input/datasets/safone/conjunctivitis-non-conjunctivitis/Non_Conjunctivitis/424.jpg,Non_Conjunctivitis,EXCLUDED,Sub_100px_or_Corrupt,b01af1fd10a0eb174995f0bd179ec162,60
/kaggle/input/datasets/safone/conjunctivitis-non-conjunctivitis/Non_Conjunctivitis/425.jpg,Non_Conjunctivitis,EXCLUDED,Sub_100px_or_Corrupt,0a0c56e1e0bd8e54b4ef910ed9f32500,59
/kaggle/input/datasets/safone/conjunctivitis-non-conjunctivitis/Non_Conjunctivitis/426.jpg,Non_Conjunctivitis,EXCLUDED,Sub_100px_or_Corrupt,cabe3b6666f0365a7c308a6d3277657f,52
/kaggle/input/datasets/safone/conjunctivitis-non-conjunctivitis/Non_Conjunctivitis/427.jpg,Non_Conjunctivitis,EXCLUDED,Sub_100px_or_Corrupt,ab2a50512361c28269efa1e63294848e,72
/kaggle/input/datasets/safone/conjunctivitis-non-conjunctivitis/Non_Conjunctivitis/428.jpg,Non_Conjunctivitis,EXCLUDED,Sub_100px_or_Corrupt,45e34f815bbe87df406e230bcaf4b1a2,59
/kaggle/input/datasets/safone/conjunctivitis-non-conjunctivitis/Non_Conjunctivitis/43.jpg,Non_Conjunctivitis,EXCLUDED,Exact_MD5_or_MD5_Label_Conflict,bb4d7debbfb9c577aacaf783698549b3,438
/kaggle/input/datasets/safone/conjunctivitis-non-conjunctivitis/Non_Conjunctivitis/431.jpg,Non_Conjunctivitis,EXCLUDED,Sub_100px_or_Corrupt,f343cf8686d7d9447923635b39c8b70e,57
/kaggle/input/datasets/safone/conjunctivitis-non-conjunctivitis/Non_Conjunctivitis/432.jpg,Non_Conjunctivitis,EXCLUDED,Sub_100px_or_Corrupt,463c47c5447d5c4efb28d5cb18fde7c9,66
/kaggle/input/datasets/safone/conjunctivitis-non-conjunctivitis/Non_Conjunctivitis/433.jpg,Non_Conjunctivitis,EXCLUDED,Sub_100px_or_Corrupt,3111631f5a30d7a8ef64a292835067e9,61
/kaggle/input/datasets/safone/conjunctivitis-non-conjunctivitis/Non_Conjunctivitis/434.jpg,Non_Conjunctivitis,EXCLUDED,Sub_100px_or_Corrupt,fafb462d9b5715aa08f60400e582de90,52
/kaggle/input/datasets/safone/conjunctivitis-non-conjunctivitis/Non_Conjunctivitis/435.jpg,Non_Conjunctivitis,EXCLUDED,Sub_100px_or_Corrupt,fa3e6cc0ca593833591a83fbd7a29b4b,69
/kaggle/input/datasets/safone/conjunctivitis-non-conjunctivitis/Non_Conjunctivitis/436.jpg,Non_Conjunctivitis,EXCLUDED,Sub_100px_or_Corrupt,cba37be0756f55fc548a487ae8b12dda,52
/kaggle/input/datasets/safone/conjunctivitis-non-conjunctivitis/Non_Conjunctivitis/437.jpg,Non_Conjunctivitis,EXCLUDED,Sub_100px_or_Corrupt,382381febe8979f8fe3d40c91e8618ce,53
/kaggle/input/datasets/safone/conjunctivitis-non-conjunctivitis/Non_Conjunctivitis/438.jpg,Non_Conjunctivitis,EXCLUDED,Sub_100px_or_Corrupt,3170dccaa60aa8c07c35054b978e23bf,58
/kaggle/input/datasets/safone/conjunctivitis-non-conjunctivitis/Non_Conjunctivitis/439.jpg,Non_Conjunctivitis,EXCLUDED,Sub_100px_or_Corrupt,171fa1af51242f65cc91af3dd9383468,68
/kaggle/input/datasets/safone/conjunctivitis-non-conjunctivitis/Non_Conjunctivitis/44.jpg,Non_Conjunctivitis,EXCLUDED,Exact_MD5_or_MD5_Label_Conflict,4193af9c3e1d415c4507815a2057e9a0,666
/kaggle/input/datasets/safone/conjunctivitis-non-conjunctivitis/Non_Conjunctivitis/440.jpg,Non_Conjunctivitis,EXCLUDED,Sub_100px_or_Corrupt,54f6f90046bd18befa98b8a3631bf261,61
/kaggle/input/datasets/safone/conjunctivitis-non-conjunctivitis/Non_Conjunctivitis/441.jpg,Non_Conjunctivitis,EXCLUDED,Sub_100px_or_Corrupt,e1be57cbb0da5c0bc0b7070a77b84e6d,56
/kaggle/input/datasets/safone/conjunctivitis-non-conjunctivitis/Non_Conjunctivitis/442.jpg,Non_Conjunctivitis,EXCLUDED,Sub_100px_or_Corrupt,3198d5e47a399a98cbc39cb57e843c1a,55
/kaggle/input/datasets/safone/conjunctivitis-non-conjunctivitis/Non_Conjunctivitis/443.jpg,Non_Conjunctivitis,EXCLUDED,Sub_100px_or_Corrupt,e080cdf466979b944bd0d20b5b3da4a4,53
/kaggle/input/datasets/safone/conjunctivitis-non-conjunctivitis/Non_Conjunctivitis/444.jpg,Non_Conjunctivitis,EXCLUDED,Sub_100px_or_Corrupt,1ed74c3381ed638ec70284919b134736,51
/kaggle/input/datasets/safone/conjunctivitis-non-conjunctivitis/Non_Conjunctivitis/445.jpg,Non_Conjunctivitis,EXCLUDED,Sub_100px_or_Corrupt,d504b792dffe7d38875b70b7b49985d0,62
/kaggle/input/datasets/safone/conjunctivitis-non-conjunctivitis/Non_Conjunctivitis/446.jpg,Non_Conjunctivitis,EXCLUDED,Sub_100px_or_Corrupt,cd7e5042394bad25ecd11cc905113023,59
/kaggle/input/datasets/safone/conjunctivitis-non-conjunctivitis/Non_Conjunctivitis/447.jpg,Non_Conjunctivitis,EXCLUDED,Sub_100px_or_Corrupt,1ae4bb5a959a2504ee31e149377656f4,66
/kaggle/input/datasets/safone/conjunctivitis-non-conjunctivitis/Non_Conjunctivitis/448.jpg,Non_Conjunctivitis,EXCLUDED,Sub_100px_or_Corrupt,c533573fd072b70c64eb130d00062afe,59
/kaggle/input/datasets/safone/conjunctivitis-non-conjunctivitis/Non_Conjunctivitis/449.jpg,Non_Conjunctivitis,EXCLUDED,Sub_100px_or_Corrupt,663601d084816a9e7f8dddd025ada8c5,56
/kaggle/input/datasets/safone/conjunctivitis-non-conjunctivitis/Non_Conjunctivitis/45.jpg,Non_Conjunctivitis,EXCLUDED,Exact_MD5_or_MD5_Label_Conflict,5c6c42b957d7d6b70533bc32c4541fdf,186
/kaggle/input/datasets/safone/conjunctivitis-non-conjunctivitis/Non_Conjunctivitis/450.jpg,Non_Conjunctivitis,EXCLUDED,Sub_100px_or_Corrupt,d2fbca4c59193b12bf48fb26a5252995,60
/kaggle/input/datasets/safone/conjunctivitis-non-conjunctivitis/Non_Conjunctivitis/456.jpg,Non_Conjunctivitis,EXCLUDED,Sub_100px_or_Corrupt,2f61df8253038f7a8a6e2a5710249620,53
/kaggle/input/datasets/safone/conjunctivitis-non-conjunctivitis/Non_Conjunctivitis/457.jpg,Non_Conjunctivitis,EXCLUDED,Sub_100px_or_Corrupt,5a819aca5effa570e6d73f7339348cbc,45
/kaggle/input/datasets/safone/conjunctivitis-non-conjunctivitis/Non_Conjunctivitis/458.jpg,Non_Conjunctivitis,EXCLUDED,Sub_100px_or_Corrupt,dee987d327a4adee87b9f626decad745,53
/kaggle/input/datasets/safone/conjunctivitis-non-conjunctivitis/Non_Conjunctivitis/459.jpg,Non_Conjunctivitis,EXCLUDED,Sub_100px_or_Corrupt,53352c12d716089e2c501ff22646510b,57
/kaggle/input/datasets/safone/conjunctivitis-non-conjunctivitis/Non_Conjunctivitis/46.jpg,Non_Conjunctivitis,EXCLUDED,Exact_MD5_or_MD5_Label_Conflict,22d40bae7a2c35c750194c88508f62e7,666
/kaggle/input/datasets/safone/conjunctivitis-non-conjunctivitis/Non_Conjunctivitis/461.jpg,Non_Conjunctivitis,EXCLUDED,Sub_100px_or_Corrupt,824b990ecced46dd7c4a399f4b78f8a4,45
/kaggle/input/datasets/safone/conjunctivitis-non-conjunctivitis/Non_Conjunctivitis/462.jpg,Non_Conjunctivitis,EXCLUDED,Sub_100px_or_Corrupt,eea736d610a25174738b8f6d4b772c54,58
/kaggle/input/datasets/safone/conjunctivitis-non-conjunctivitis/Non_Conjunctivitis/463.jpg,Non_Conjunctivitis,EXCLUDED,Sub_100px_or_Corrupt,c405041127d7086604c66c03e13c3562,59
/kaggle/input/datasets/safone/conjunctivitis-non-conjunctivitis/Non_Conjunctivitis/464.jpg,Non_Conjunctivitis,EXCLUDED,Sub_100px_or_Corrupt,75cada2611b801ce28ebee21bba0154e,62
/kaggle/input/datasets/safone/conjunctivitis-non-conjunctivitis/Non_Conjunctivitis/465.jpg,Non_Conjunctivitis,EXCLUDED,Sub_100px_or_Corrupt,d60e0a7ac351368ebc7386ec11cab708,52
/kaggle/input/datasets/safone/conjunctivitis-non-conjunctivitis/Non_Conjunctivitis/466.jpg,Non_Conjunctivitis,EXCLUDED,Sub_100px_or_Corrupt,4220eecbb938e820e033bc242d21d546,46
/kaggle/input/datasets/safone/conjunctivitis-non-conjunctivitis/Non_Conjunctivitis/468.jpg,Non_Conjunctivitis,EXCLUDED,Sub_100px_or_Corrupt,cd10a0c90385a6e330aac3f7328b92e7,48
/kaggle/input/datasets/safone/conjunctivitis-non-conjunctivitis/Non_Conjunctivitis/47.jpg,Non_Conjunctivitis,EXCLUDED,Exact_MD5_or_MD5_Label_Conflict,ce619b2bda2063559e0b0ed343109e92,320
/kaggle/input/datasets/safone/conjunctivitis-non-conjunctivitis/Non_Conjunctivitis/470.jpg,Non_Conjunctivitis,EXCLUDED,Sub_100px_or_Corrupt,c1d4ccef0ca8172e5edaaf6877ca11cb,56
/kaggle/input/datasets/safone/conjunctivitis-non-conjunctivitis/Non_Conjunctivitis/471.jpg,Non_Conjunctivitis,EXCLUDED,Sub_100px_or_Corrupt,3059dd75aea9bc6230fbc420c88276f3,53
/kaggle/input/datasets/safone/conjunctivitis-non-conjunctivitis/Non_Conjunctivitis/474.jpg,Non_Conjunctivitis,EXCLUDED,Sub_100px_or_Corrupt,c59c3819987e7b66640a8987134e6469,60
/kaggle/input/datasets/safone/conjunctivitis-non-conjunctivitis/Non_Conjunctivitis/475.jpg,Non_Conjunctivitis,EXCLUDED,Sub_100px_or_Corrupt,7644f5e0ddb85acd33589dd7970cadad,55
/kaggle/input/datasets/safone/conjunctivitis-non-conjunctivitis/Non_Conjunctivitis/476.jpg,Non_Conjunctivitis,EXCLUDED,Sub_100px_or_Corrupt,9bec98af79b7f83d7a411e7c6fe64045,56
/kaggle/input/datasets/safone/conjunctivitis-non-conjunctivitis/Non_Conjunctivitis/477.jpg,Non_Conjunctivitis,EXCLUDED,Sub_100px_or_Corrupt,79649a591e5356472f04cd9840ec339b,53
/kaggle/input/datasets/safone/conjunctivitis-non-conjunctivitis/Non_Conjunctivitis/48.jpg,Non_Conjunctivitis,EXCLUDED,Exact_MD5_or_MD5_Label_Conflict,117bd449ab87a6457b30e32f0a41f458,159
/kaggle/input/datasets/safone/conjunctivitis-non-conjunctivitis/Non_Conjunctivitis/480.jpg,Non_Conjunctivitis,EXCLUDED,Sub_100px_or_Corrupt,28cf90df5c38029d7630807290fc23b9,61
/kaggle/input/datasets/safone/conjunctivitis-non-conjunctivitis/Non_Conjunctivitis/481.jpg,Non_Conjunctivitis,EXCLUDED,Sub_100px_or_Corrupt,550fec173e63743b763d335d65ba9a88,67
/kaggle/input/datasets/safone/conjunctivitis-non-conjunctivitis/Non_Conjunctivitis/483.jpg,Non_Conjunctivitis,EXCLUDED,Sub_100px_or_Corrupt,00016a9074f201c698e759f778d7d316,49
/kaggle/input/datasets/safone/conjunctivitis-non-conjunctivitis/Non_Conjunctivitis/485.jpg,Non_Conjunctivitis,EXCLUDED,Sub_100px_or_Corrupt,80716ed5a7a74b6fb72e6590ac0ec485,56
/kaggle/input/datasets/safone/conjunctivitis-non-conjunctivitis/Non_Conjunctivitis/486.jpg,Non_Conjunctivitis,EXCLUDED,Sub_100px_or_Corrupt,e930e172be547a0d6f17bc57d633a053,41
/kaggle/input/datasets/safone/conjunctivitis-non-conjunctivitis/Non_Conjunctivitis/488.jpg,Non_Conjunctivitis,EXCLUDED,Sub_100px_or_Corrupt,eecbd0e39e4d5f08cbef2be8079ca17f,60
/kaggle/input/datasets/safone/conjunctivitis-non-conjunctivitis/Non_Conjunctivitis/489.jpg,Non_Conjunctivitis,EXCLUDED,Sub_100px_or_Corrupt,41387c04862454aafaf28ec47eb435e9,58
/kaggle/input/datasets/safone/conjunctivitis-non-conjunctivitis/Non_Conjunctivitis/49.jpg,Non_Conjunctivitis,EXCLUDED,Exact_MD5_or_MD5_Label_Conflict,8650618c0bff073a96fd73b9f18cd49e,201
/kaggle/input/datasets/safone/conjunctivitis-non-conjunctivitis/Non_Conjunctivitis/490.jpg,Non_Conjunctivitis,EXCLUDED,Sub_100px_or_Corrupt,635576163919ab329d073e0c746d70a5,56
/kaggle/input/datasets/safone/conjunctivitis-non-conjunctivitis/Non_Conjunctivitis/491.jpg,Non_Conjunctivitis,EXCLUDED,Sub_100px_or_Corrupt,0f434cb77c76d602148920383caf75e0,55
/kaggle/input/datasets/safone/conjunctivitis-non-conjunctivitis/Non_Conjunctivitis/493.jpg,Non_Conjunctivitis,EXCLUDED,Sub_100px_or_Corrupt,4d7c7c283a328b92ed3adacf93e798ea,55
/kaggle/input/datasets/safone/conjunctivitis-non-conjunctivitis/Non_Conjunctivitis/494.jpg,Non_Conjunctivitis,EXCLUDED,Sub_100px_or_Corrupt,14fddac16a5db1d61f35c85e9b7c6a28,62
/kaggle/input/datasets/safone/conjunctivitis-non-conjunctivitis/Non_Conjunctivitis/495.jpg,Non_Conjunctivitis,EXCLUDED,Sub_100px_or_Corrupt,64ae17441877c7303f0960d7bb70ea2d,64
/kaggle/input/datasets/safone/conjunctivitis-non-conjunctivitis/Non_Conjunctivitis/496.jpg,Non_Conjunctivitis,EXCLUDED,Sub_100px_or_Corrupt,98a32c0d7375cc94aff3442eb6559276,63
/kaggle/input/datasets/safone/conjunctivitis-non-conjunctivitis/Non_Conjunctivitis/497.jpg,Non_Conjunctivitis,EXCLUDED,Sub_100px_or_Corrupt,d2e8884e724eef0341c0cea327d82453,45
/kaggle/input/datasets/safone/conjunctivitis-non-conjunctivitis/Non_Conjunctivitis/498.jpg,Non_Conjunctivitis,EXCLUDED,Sub_100px_or_Corrupt,a008378326cacf61b8d1e8fb1e558dd8,47
/kaggle/input/datasets/safone/conjunctivitis-non-conjunctivitis/Non_Conjunctivitis/499.jpg,Non_Conjunctivitis,EXCLUDED,Sub_100px_or_Corrupt,cb5b7a6440f0eb17b07d7d90abb217e0,58
/kaggle/input/datasets/safone/conjunctivitis-non-conjunctivitis/Non_Conjunctivitis/5.jpg,Non_Conjunctivitis,EXCLUDED,Exact_MD5_or_MD5_Label_Conflict,9561bdb5de703f474cfee68fcef94463,173
/kaggle/input/datasets/safone/conjunctivitis-non-conjunctivitis/Non_Conjunctivitis/50.jpg,Non_Conjunctivitis,EXCLUDED,Exact_MD5_or_MD5_Label_Conflict,cef12618c30452c9b5a61d7ff24ec39a,817
/kaggle/input/datasets/safone/conjunctivitis-non-conjunctivitis/Non_Conjunctivitis/500.jpg,Non_Conjunctivitis,EXCLUDED,Sub_100px_or_Corrupt,c4d5ad400956fb55c63d4b9a0f7b9fff,51
/kaggle/input/datasets/safone/conjunctivitis-non-conjunctivitis/Non_Conjunctivitis/501.jpg,Non_Conjunctivitis,EXCLUDED,Sub_100px_or_Corrupt,4ce5d338179f0d975df486161676cc34,53
/kaggle/input/datasets/safone/conjunctivitis-non-conjunctivitis/Non_Conjunctivitis/503.jpg,Non_Conjunctivitis,EXCLUDED,Sub_100px_or_Corrupt,7692a941edeee87ba2ef25f282507654,55
/kaggle/input/datasets/safone/conjunctivitis-non-conjunctivitis/Non_Conjunctivitis/504.jpg,Non_Conjunctivitis,EXCLUDED,Sub_100px_or_Corrupt,388f5ec71a25de1058943e8d1bcd6c6e,62
/kaggle/input/datasets/safone/conjunctivitis-non-conjunctivitis/Non_Conjunctivitis/505.jpg,Non_Conjunctivitis,EXCLUDED,Sub_100px_or_Corrupt,d67a3fd1e176d0a4e3c65652a3233f0a,52
/kaggle/input/datasets/safone/conjunctivitis-non-conjunctivitis/Non_Conjunctivitis/506.jpg,Non_Conjunctivitis,EXCLUDED,Sub_100px_or_Corrupt,0eee04e6b374d959f7134e75b779d1e8,50
/kaggle/input/datasets/safone/conjunctivitis-non-conjunctivitis/Non_Conjunctivitis/507.jpg,Non_Conjunctivitis,EXCLUDED,Sub_100px_or_Corrupt,1c3883ab3aa7354354852019f7379643,59
/kaggle/input/datasets/safone/conjunctivitis-non-conjunctivitis/Non_Conjunctivitis/508.jpg,Non_Conjunctivitis,EXCLUDED,Sub_100px_or_Corrupt,73038fcc61e5da74470de44fb6737c4d,46
/kaggle/input/datasets/safone/conjunctivitis-non-conjunctivitis/Non_Conjunctivitis/509.jpg,Non_Conjunctivitis,EXCLUDED,Sub_100px_or_Corrupt,548e59878b7d36d4ef78c008499a4bb6,54
/kaggle/input/datasets/safone/conjunctivitis-non-conjunctivitis/Non_Conjunctivitis/51.jpg,Non_Conjunctivitis,EXCLUDED,Exact_MD5_or_MD5_Label_Conflict,d7e34ae6ca9bc50cc86b7b2b2d2cf7b1,1107
/kaggle/input/datasets/safone/conjunctivitis-non-conjunctivitis/Non_Conjunctivitis/510.jpg,Non_Conjunctivitis,EXCLUDED,Sub_100px_or_Corrupt,14a7b7c4c4febcd7ed569fc8f6784d08,61
/kaggle/input/datasets/safone/conjunctivitis-non-conjunctivitis/Non_Conjunctivitis/512.jpg,Non_Conjunctivitis,EXCLUDED,Sub_100px_or_Corrupt,93a6966059b25f51ce07a8f735200de3,59
/kaggle/input/datasets/safone/conjunctivitis-non-conjunctivitis/Non_Conjunctivitis/513.jpg,Non_Conjunctivitis,EXCLUDED,Sub_100px_or_Corrupt,c45fdc4d729fd3d2e3d1ab330cbc6070,59
/kaggle/input/datasets/safone/conjunctivitis-non-conjunctivitis/Non_Conjunctivitis/514.jpg,Non_Conjunctivitis,EXCLUDED,Sub_100px_or_Corrupt,7df9742c74f4bc842e8eb98e67eb9ccb,62
/kaggle/input/datasets/safone/conjunctivitis-non-conjunctivitis/Non_Conjunctivitis/517.jpg,Non_Conjunctivitis,EXCLUDED,Sub_100px_or_Corrupt,27b4e361c40f39e68d055fb7a97d0711,59
/kaggle/input/datasets/safone/conjunctivitis-non-conjunctivitis/Non_Conjunctivitis/518.jpg,Non_Conjunctivitis,EXCLUDED,Sub_100px_or_Corrupt,7ff5f77e31cf16b8cbfc78b86c325b94,60
/kaggle/input/datasets/safone/conjunctivitis-non-conjunctivitis/Non_Conjunctivitis/52.jpg,Non_Conjunctivitis,EXCLUDED,Exact_MD5_or_MD5_Label_Conflict,310fdbf8feda8a7e435cb525b9b6b8c4,408
/kaggle/input/datasets/safone/conjunctivitis-non-conjunctivitis/Non_Conjunctivitis/520.jpg,Non_Conjunctivitis,EXCLUDED,Sub_100px_or_Corrupt,6dbf06d508ca018532b648e0197e6b00,55
/kaggle/input/datasets/safone/conjunctivitis-non-conjunctivitis/Non_Conjunctivitis/521.jpg,Non_Conjunctivitis,EXCLUDED,Sub_100px_or_Corrupt,8cd104d5da40743ef58f5e5eaa0e24d0,57
/kaggle/input/datasets/safone/conjunctivitis-non-conjunctivitis/Non_Conjunctivitis/522.jpg,Non_Conjunctivitis,EXCLUDED,Sub_100px_or_Corrupt,5bfed29aa462abf188292e457bede3a8,60
/kaggle/input/datasets/safone/conjunctivitis-non-conjunctivitis/Non_Conjunctivitis/523.jpg,Non_Conjunctivitis,EXCLUDED,Sub_100px_or_Corrupt,d2185aee35d00ebb8d0dba8b95f699bb,55
/kaggle/input/datasets/safone/conjunctivitis-non-conjunctivitis/Non_Conjunctivitis/524.jpg,Non_Conjunctivitis,EXCLUDED,Sub_100px_or_Corrupt,2fa43995a4d9abe5ab3f7e0fd6eeca60,51
/kaggle/input/datasets/safone/conjunctivitis-non-conjunctivitis/Non_Conjunctivitis/526.jpg,Non_Conjunctivitis,EXCLUDED,Sub_100px_or_Corrupt,c84f3bcdd6d416fe46a1b77aa3713049,65
/kaggle/input/datasets/safone/conjunctivitis-non-conjunctivitis/Non_Conjunctivitis/53.jpg,Non_Conjunctivitis,EXCLUDED,Exact_MD5_or_MD5_Label_Conflict,f4a6378376f75c64d5f30a0ceb2649ca,540
/kaggle/input/datasets/safone/conjunctivitis-non-conjunctivitis/Non_Conjunctivitis/530.jpg,Non_Conjunctivitis,EXCLUDED,Sub_100px_or_Corrupt,e527825f7f5b4e5a4fd87e8252a826a7,57
/kaggle/input/datasets/safone/conjunctivitis-non-conjunctivitis/Non_Conjunctivitis/531.jpg,Non_Conjunctivitis,EXCLUDED,Sub_100px_or_Corrupt,50bb0f17f9a3fbb8bac09cbcfcefd257,63
/kaggle/input/datasets/safone/conjunctivitis-non-conjunctivitis/Non_Conjunctivitis/532.jpg,Non_Conjunctivitis,EXCLUDED,Sub_100px_or_Corrupt,04948e4731c18c878e49c9f8656a8346,61
/kaggle/input/datasets/safone/conjunctivitis-non-conjunctivitis/Non_Conjunctivitis/533.jpg,Non_Conjunctivitis,EXCLUDED,Sub_100px_or_Corrupt,1b3d45b16f7ed45426423d95c3e49ba9,60
/kaggle/input/datasets/safone/conjunctivitis-non-conjunctivitis/Non_Conjunctivitis/535.jpg,Non_Conjunctivitis,EXCLUDED,Sub_100px_or_Corrupt,660d9e78f1bbba124b8f4ef99c538bb3,50
/kaggle/input/datasets/safone/conjunctivitis-non-conjunctivitis/Non_Conjunctivitis/536.jpg,Non_Conjunctivitis,EXCLUDED,Sub_100px_or_Corrupt,970d37f8ec9a5b590d93331f242dd447,47
/kaggle/input/datasets/safone/conjunctivitis-non-conjunctivitis/Non_Conjunctivitis/537.jpg,Non_Conjunctivitis,EXCLUDED,Sub_100px_or_Corrupt,819f6298cbc299c4fae3f1358ef650b8,62
/kaggle/input/datasets/safone/conjunctivitis-non-conjunctivitis/Non_Conjunctivitis/538.jpg,Non_Conjunctivitis,EXCLUDED,Sub_100px_or_Corrupt,1b02e258138b8e96fa8544984223b9ed,66
/kaggle/input/datasets/safone/conjunctivitis-non-conjunctivitis/Non_Conjunctivitis/54.jpg,Non_Conjunctivitis,EXCLUDED,Exact_MD5_or_MD5_Label_Conflict,7755860f963a04e42a2f065864078cb6,602
/kaggle/input/datasets/safone/conjunctivitis-non-conjunctivitis/Non_Conjunctivitis/541.jpg,Non_Conjunctivitis,EXCLUDED,Sub_100px_or_Corrupt,4321efc7e1da4102c1c1e1c5cc054ec9,53
/kaggle/input/datasets/safone/conjunctivitis-non-conjunctivitis/Non_Conjunctivitis/542.jpg,Non_Conjunctivitis,EXCLUDED,Sub_100px_or_Corrupt,5690f3490c66de30a1cd9d4d0e69a150,67
/kaggle/input/datasets/safone/conjunctivitis-non-conjunctivitis/Non_Conjunctivitis/546.jpg,Non_Conjunctivitis,EXCLUDED,Sub_100px_or_Corrupt,474aee5884f1a47b02d50defdaeb2da4,48
/kaggle/input/datasets/safone/conjunctivitis-non-conjunctivitis/Non_Conjunctivitis/547.jpg,Non_Conjunctivitis,EXCLUDED,Sub_100px_or_Corrupt,b8bedb3d9651e8ba616a18f8b9d0b66f,43
/kaggle/input/datasets/safone/conjunctivitis-non-conjunctivitis/Non_Conjunctivitis/549.jpg,Non_Conjunctivitis,EXCLUDED,Sub_100px_or_Corrupt,2d0195a0825f9bf42dfe0ef6465265f9,51
/kaggle/input/datasets/safone/conjunctivitis-non-conjunctivitis/Non_Conjunctivitis/55.jpg,Non_Conjunctivitis,EXCLUDED,Exact_MD5_or_MD5_Label_Conflict,cb3825d8d3894f7a7ed20349b456afeb,168
/kaggle/input/datasets/safone/conjunctivitis-non-conjunctivitis/Non_Conjunctivitis/550.jpg,Non_Conjunctivitis,EXCLUDED,Sub_100px_or_Corrupt,7c9e24b29b1e9e9c8a2b1845d752d544,53
/kaggle/input/datasets/safone/conjunctivitis-non-conjunctivitis/Non_Conjunctivitis/553.jpg,Non_Conjunctivitis,EXCLUDED,Sub_100px_or_Corrupt,62eb575b5ac9e99f2cace36b69d6d45e,58
/kaggle/input/datasets/safone/conjunctivitis-non-conjunctivitis/Non_Conjunctivitis/554.jpg,Non_Conjunctivitis,EXCLUDED,Sub_100px_or_Corrupt,8cef540d732a6527e8cf7941c5e4d735,58
/kaggle/input/datasets/safone/conjunctivitis-non-conjunctivitis/Non_Conjunctivitis/557.jpg,Non_Conjunctivitis,EXCLUDED,Sub_100px_or_Corrupt,23ee2835d645e6c5e9c238e8dc63692f,61
/kaggle/input/datasets/safone/conjunctivitis-non-conjunctivitis/Non_Conjunctivitis/558.jpg,Non_Conjunctivitis,EXCLUDED,Sub_100px_or_Corrupt,32b8fea05b879812bc1f80f7a21fb988,58
/kaggle/input/datasets/safone/conjunctivitis-non-conjunctivitis/Non_Conjunctivitis/559.jpg,Non_Conjunctivitis,EXCLUDED,Sub_100px_or_Corrupt,5fd143486a09522077b0879931fc5809,54
/kaggle/input/datasets/safone/conjunctivitis-non-conjunctivitis/Non_Conjunctivitis/56.jpg,Non_Conjunctivitis,EXCLUDED,Exact_MD5_or_MD5_Label_Conflict,d4ed7c346a6df911a84cc876f42f0beb,480
/kaggle/input/datasets/safone/conjunctivitis-non-conjunctivitis/Non_Conjunctivitis/560.jpg,Non_Conjunctivitis,EXCLUDED,Sub_100px_or_Corrupt,2df7af75e0aaf60b08c7267840d7467d,56
/kaggle/input/datasets/safone/conjunctivitis-non-conjunctivitis/Non_Conjunctivitis/561.jpg,Non_Conjunctivitis,EXCLUDED,Sub_100px_or_Corrupt,839658b4be8e8cf6ecfb808e1edc0573,54
/kaggle/input/datasets/safone/conjunctivitis-non-conjunctivitis/Non_Conjunctivitis/562.jpg,Non_Conjunctivitis,EXCLUDED,Sub_100px_or_Corrupt,7834abec3156fbca966a0892ef994134,65
/kaggle/input/datasets/safone/conjunctivitis-non-conjunctivitis/Non_Conjunctivitis/563.jpg,Non_Conjunctivitis,EXCLUDED,pHash_or_Conflict;Sub_100px_or_Corrupt,64772afb038174f0dc6058390e6b5996,46
/kaggle/input/datasets/safone/conjunctivitis-non-conjunctivitis/Non_Conjunctivitis/564.jpg,Non_Conjunctivitis,EXCLUDED,Sub_100px_or_Corrupt,506dc53d077fcc5bd9ad286c5a14b574,45
/kaggle/input/datasets/safone/conjunctivitis-non-conjunctivitis/Non_Conjunctivitis/565.jpg,Non_Conjunctivitis,EXCLUDED,Sub_100px_or_Corrupt,a45e35f089598f49415e0ac5ec32cc89,55
/kaggle/input/datasets/safone/conjunctivitis-non-conjunctivitis/Non_Conjunctivitis/566.jpg,Non_Conjunctivitis,EXCLUDED,Sub_100px_or_Corrupt,0a2e4107e71eb665fe386ac222fba577,50
/kaggle/input/datasets/safone/conjunctivitis-non-conjunctivitis/Non_Conjunctivitis/568.jpg,Non_Conjunctivitis,EXCLUDED,Sub_100px_or_Corrupt,0b56b1a95f8efa7edf30d65a29feccb3,54
/kaggle/input/datasets/safone/conjunctivitis-non-conjunctivitis/Non_Conjunctivitis/57.jpg,Non_Conjunctivitis,EXCLUDED,Exact_MD5_or_MD5_Label_Conflict,1297168027cf03bdd3aad691b244988f,446
/kaggle/input/datasets/safone/conjunctivitis-non-conjunctivitis/Non_Conjunctivitis/572.jpg,Non_Conjunctivitis,EXCLUDED,Sub_100px_or_Corrupt,5a266a54a6b430b36308304581e85911,66
/kaggle/input/datasets/safone/conjunctivitis-non-conjunctivitis/Non_Conjunctivitis/573.jpg,Non_Conjunctivitis,EXCLUDED,Sub_100px_or_Corrupt,740722d6ad294fa8def8eea7e1779d2f,65
/kaggle/input/datasets/safone/conjunctivitis-non-conjunctivitis/Non_Conjunctivitis/574.jpg,Non_Conjunctivitis,EXCLUDED,Sub_100px_or_Corrupt,84fa69ac39b2366480aeb3d2bda75b39,62
/kaggle/input/datasets/safone/conjunctivitis-non-conjunctivitis/Non_Conjunctivitis/575.jpg,Non_Conjunctivitis,EXCLUDED,Sub_100px_or_Corrupt,6d790d3adbb90bc4bf61235f29907b10,56
/kaggle/input/datasets/safone/conjunctivitis-non-conjunctivitis/Non_Conjunctivitis/576.jpg,Non_Conjunctivitis,EXCLUDED,Sub_100px_or_Corrupt,bff76f0d3f01597e4e4eb21844db246c,60
/kaggle/input/datasets/safone/conjunctivitis-non-conjunctivitis/Non_Conjunctivitis/579.jpg,Non_Conjunctivitis,EXCLUDED,Sub_100px_or_Corrupt,c8591855c41c9f2c02bafc047e416810,57
/kaggle/input/datasets/safone/conjunctivitis-non-conjunctivitis/Non_Conjunctivitis/58.jpg,Non_Conjunctivitis,EXCLUDED,Exact_MD5_or_MD5_Label_Conflict,56f8e183317fee27a51400cfbcbe6b88,729
/kaggle/input/datasets/safone/conjunctivitis-non-conjunctivitis/Non_Conjunctivitis/580.jpg,Non_Conjunctivitis,EXCLUDED,Sub_100px_or_Corrupt,f1610d8b30f02491cf3624064272ee9e,58
/kaggle/input/datasets/safone/conjunctivitis-non-conjunctivitis/Non_Conjunctivitis/583.jpg,Non_Conjunctivitis,EXCLUDED,Sub_100px_or_Corrupt,62132f420d7cdbd116e67b9ec385d2e8,61
/kaggle/input/datasets/safone/conjunctivitis-non-conjunctivitis/Non_Conjunctivitis/584.jpg,Non_Conjunctivitis,EXCLUDED,Sub_100px_or_Corrupt,2f8c512439280ad1f2b13e6f5ffc982e,67
/kaggle/input/datasets/safone/conjunctivitis-non-conjunctivitis/Non_Conjunctivitis/585.jpg,Non_Conjunctivitis,EXCLUDED,Sub_100px_or_Corrupt,00394b2eda2d34a9b6d175c23bd50868,52
/kaggle/input/datasets/safone/conjunctivitis-non-conjunctivitis/Non_Conjunctivitis/586.jpg,Non_Conjunctivitis,EXCLUDED,Sub_100px_or_Corrupt,e7a7e387b20952b2f4d41c935eb8c4f2,60
/kaggle/input/datasets/safone/conjunctivitis-non-conjunctivitis/Non_Conjunctivitis/587.jpg,Non_Conjunctivitis,EXCLUDED,Sub_100px_or_Corrupt,ec3602ca26b84a6e80ff8869331b02fd,41
/kaggle/input/datasets/safone/conjunctivitis-non-conjunctivitis/Non_Conjunctivitis/588.jpg,Non_Conjunctivitis,EXCLUDED,Sub_100px_or_Corrupt,32e3a84b32d63a75bb5c1980333f2dc4,58
/kaggle/input/datasets/safone/conjunctivitis-non-conjunctivitis/Non_Conjunctivitis/59.jpg,Non_Conjunctivitis,EXCLUDED,Exact_MD5_or_MD5_Label_Conflict,33e483a104a1d47f9e3c2527909aba5a,399
/kaggle/input/datasets/safone/conjunctivitis-non-conjunctivitis/Non_Conjunctivitis/591.jpg,Non_Conjunctivitis,EXCLUDED,Sub_100px_or_Corrupt,0dced0326319fa08d61225b3080aa32f,53
/kaggle/input/datasets/safone/conjunctivitis-non-conjunctivitis/Non_Conjunctivitis/593.jpg,Non_Conjunctivitis,EXCLUDED,Sub_100px_or_Corrupt,83c710f40a64348e591efee8da781e4f,60
/kaggle/input/datasets/safone/conjunctivitis-non-conjunctivitis/Non_Conjunctivitis/594.jpg,Non_Conjunctivitis,EXCLUDED,Sub_100px_or_Corrupt,4d4a8ed7c53cdfa64d61baee98e69070,64
/kaggle/input/datasets/safone/conjunctivitis-non-conjunctivitis/Non_Conjunctivitis/596.jpg,Non_Conjunctivitis,EXCLUDED,Sub_100px_or_Corrupt,c0e92665911b3f12347e301dea7fb4ab,60
/kaggle/input/datasets/safone/conjunctivitis-non-conjunctivitis/Non_Conjunctivitis/597.jpg,Non_Conjunctivitis,EXCLUDED,Sub_100px_or_Corrupt,34c0e19c51138bce4b3d15e1953557ef,60
/kaggle/input/datasets/safone/conjunctivitis-non-conjunctivitis/Non_Conjunctivitis/598.jpg,Non_Conjunctivitis,EXCLUDED,Sub_100px_or_Corrupt,c27582a7cfc3c68322f179108b32f964,52
/kaggle/input/datasets/safone/conjunctivitis-non-conjunctivitis/Non_Conjunctivitis/599.jpg,Non_Conjunctivitis,EXCLUDED,Sub_100px_or_Corrupt,ca761821a496a561c8973341225a7b7b,50
/kaggle/input/datasets/safone/conjunctivitis-non-conjunctivitis/Non_Conjunctivitis/6.jpg,Non_Conjunctivitis,EXCLUDED,Exact_MD5_or_MD5_Label_Conflict,f03fdac265702d7add3a2a4c47b1b76d,187
/kaggle/input/datasets/safone/conjunctivitis-non-conjunctivitis/Non_Conjunctivitis/60.jpg,Non_Conjunctivitis,EXCLUDED,Exact_MD5_or_MD5_Label_Conflict,1412683ac56b64a6d492af617dde88a0,183
/kaggle/input/datasets/safone/conjunctivitis-non-conjunctivitis/Non_Conjunctivitis/600.jpg,Non_Conjunctivitis,EXCLUDED,Sub_100px_or_Corrupt,eefd6e57327b8cd46f2beda18c396d96,55
/kaggle/input/datasets/safone/conjunctivitis-non-conjunctivitis/Non_Conjunctivitis/601.jpg,Non_Conjunctivitis,EXCLUDED,Sub_100px_or_Corrupt,06b2459a56fbf8234f61f45ed9a94177,57
/kaggle/input/datasets/safone/conjunctivitis-non-conjunctivitis/Non_Conjunctivitis/602.jpg,Non_Conjunctivitis,EXCLUDED,Sub_100px_or_Corrupt,14cd1d52d643d6dbf682ac68d5b5fbef,81
/kaggle/input/datasets/safone/conjunctivitis-non-conjunctivitis/Non_Conjunctivitis/603.jpg,Non_Conjunctivitis,EXCLUDED,Sub_100px_or_Corrupt,1cc0c5b981543581cf091a2827a2018b,58
/kaggle/input/datasets/safone/conjunctivitis-non-conjunctivitis/Non_Conjunctivitis/604.jpg,Non_Conjunctivitis,EXCLUDED,Sub_100px_or_Corrupt,95b0c7666b1f50c5c011293edd91f674,47
/kaggle/input/datasets/safone/conjunctivitis-non-conjunctivitis/Non_Conjunctivitis/605.jpg,Non_Conjunctivitis,EXCLUDED,Sub_100px_or_Corrupt,e5db9ece1d79583802c225593b0e5fea,59
/kaggle/input/datasets/safone/conjunctivitis-non-conjunctivitis/Non_Conjunctivitis/606.jpg,Non_Conjunctivitis,EXCLUDED,Sub_100px_or_Corrupt,0f2af38b1486a7ec2b2e09bbe0e4bbb7,63
/kaggle/input/datasets/safone/conjunctivitis-non-conjunctivitis/Non_Conjunctivitis/607.jpg,Non_Conjunctivitis,EXCLUDED,Sub_100px_or_Corrupt,2f20c57a4665c2b9d96b1bec1ad1997f,47
/kaggle/input/datasets/safone/conjunctivitis-non-conjunctivitis/Non_Conjunctivitis/608.jpg,Non_Conjunctivitis,EXCLUDED,Sub_100px_or_Corrupt,da8d87db9f53c04bd01143c5196c61f2,53
/kaggle/input/datasets/safone/conjunctivitis-non-conjunctivitis/Non_Conjunctivitis/609.jpg,Non_Conjunctivitis,EXCLUDED,Sub_100px_or_Corrupt,1b2e4a7bf85a4dae1db90cda74a3f792,61
/kaggle/input/datasets/safone/conjunctivitis-non-conjunctivitis/Non_Conjunctivitis/61.jpg,Non_Conjunctivitis,EXCLUDED,Exact_MD5_or_MD5_Label_Conflict,992a33cca1100e19214505f92b2fc238,2000
/kaggle/input/datasets/safone/conjunctivitis-non-conjunctivitis/Non_Conjunctivitis/610.jpg,Non_Conjunctivitis,EXCLUDED,Sub_100px_or_Corrupt,d489fb243d2f3374f097bdc0f0153306,62
/kaggle/input/datasets/safone/conjunctivitis-non-conjunctivitis/Non_Conjunctivitis/611.jpg,Non_Conjunctivitis,EXCLUDED,Sub_100px_or_Corrupt,5f67789c7871d9294a20e64cb2c432b3,45
/kaggle/input/datasets/safone/conjunctivitis-non-conjunctivitis/Non_Conjunctivitis/612.jpg,Non_Conjunctivitis,EXCLUDED,Sub_100px_or_Corrupt,4ad3cbb40090bfa3901a1c3f601b2ce5,52
/kaggle/input/datasets/safone/conjunctivitis-non-conjunctivitis/Non_Conjunctivitis/613.jpg,Non_Conjunctivitis,EXCLUDED,Sub_100px_or_Corrupt,f4a94ed6411651bbe8cfca3b244edb80,64
/kaggle/input/datasets/safone/conjunctivitis-non-conjunctivitis/Non_Conjunctivitis/614.jpg,Non_Conjunctivitis,EXCLUDED,Sub_100px_or_Corrupt,41c9c3ec204316a520531c10010843ee,48
/kaggle/input/datasets/safone/conjunctivitis-non-conjunctivitis/Non_Conjunctivitis/615.jpg,Non_Conjunctivitis,EXCLUDED,Sub_100px_or_Corrupt,9f7b5986f4abeae97dbe9c1a8d024c17,53
/kaggle/input/datasets/safone/conjunctivitis-non-conjunctivitis/Non_Conjunctivitis/616.jpg,Non_Conjunctivitis,EXCLUDED,Sub_100px_or_Corrupt,e7646a1db34ada1ccdb2c1e534cc50bd,54
/kaggle/input/datasets/safone/conjunctivitis-non-conjunctivitis/Non_Conjunctivitis/617.jpg,Non_Conjunctivitis,EXCLUDED,Sub_100px_or_Corrupt,2eeb47daf0df2b0e55da00c653fc077c,64
/kaggle/input/datasets/safone/conjunctivitis-non-conjunctivitis/Non_Conjunctivitis/619.jpg,Non_Conjunctivitis,EXCLUDED,Sub_100px_or_Corrupt,05e1c9526e66754a69f856d2275700d9,62
/kaggle/input/datasets/safone/conjunctivitis-non-conjunctivitis/Non_Conjunctivitis/62.jpg,Non_Conjunctivitis,EXCLUDED,Exact_MD5_or_MD5_Label_Conflict,57742cb2fba97d6b8f5210a8edd476d4,427
/kaggle/input/datasets/safone/conjunctivitis-non-conjunctivitis/Non_Conjunctivitis/620.jpg,Non_Conjunctivitis,EXCLUDED,Sub_100px_or_Corrupt,b019e97b2888abc679e919c971f9aeba,65
/kaggle/input/datasets/safone/conjunctivitis-non-conjunctivitis/Non_Conjunctivitis/621.jpg,Non_Conjunctivitis,EXCLUDED,Sub_100px_or_Corrupt,b325aabb130581c72ae5aff6fa2132be,61
/kaggle/input/datasets/safone/conjunctivitis-non-conjunctivitis/Non_Conjunctivitis/622.jpg,Non_Conjunctivitis,EXCLUDED,Sub_100px_or_Corrupt,eed378e81b3fdcbb02762f6df81f5a3d,77
/kaggle/input/datasets/safone/conjunctivitis-non-conjunctivitis/Non_Conjunctivitis/623.jpg,Non_Conjunctivitis,EXCLUDED,Sub_100px_or_Corrupt,3504aee7bddd53374e3be6fe51f914c5,72
/kaggle/input/datasets/safone/conjunctivitis-non-conjunctivitis/Non_Conjunctivitis/624.jpg,Non_Conjunctivitis,EXCLUDED,Sub_100px_or_Corrupt,38717103dfea9960497e9df396ff585c,59
/kaggle/input/datasets/safone/conjunctivitis-non-conjunctivitis/Non_Conjunctivitis/625.jpg,Non_Conjunctivitis,EXCLUDED,Sub_100px_or_Corrupt,6476fc3d1b051a4f87c534f525706859,63
/kaggle/input/datasets/safone/conjunctivitis-non-conjunctivitis/Non_Conjunctivitis/626.jpg,Non_Conjunctivitis,EXCLUDED,Sub_100px_or_Corrupt,dd6ee73956fdb7707c5f6b6aff4c48a9,57
/kaggle/input/datasets/safone/conjunctivitis-non-conjunctivitis/Non_Conjunctivitis/627.jpg,Non_Conjunctivitis,EXCLUDED,Sub_100px_or_Corrupt,e339f8f0c4a9b16d9ccd63356986cfcb,55
/kaggle/input/datasets/safone/conjunctivitis-non-conjunctivitis/Non_Conjunctivitis/628.jpg,Non_Conjunctivitis,EXCLUDED,Sub_100px_or_Corrupt,4ccfd3378b02f18de7c148bed71907d8,45
/kaggle/input/datasets/safone/conjunctivitis-non-conjunctivitis/Non_Conjunctivitis/629.jpg,Non_Conjunctivitis,EXCLUDED,Sub_100px_or_Corrupt,b5121fed122ad08052aa50fba1cde016,64
/kaggle/input/datasets/safone/conjunctivitis-non-conjunctivitis/Non_Conjunctivitis/63.jpg,Non_Conjunctivitis,EXCLUDED,Exact_MD5_or_MD5_Label_Conflict,8f7e46917b51a7f446bf1c31163af1ee,194
/kaggle/input/datasets/safone/conjunctivitis-non-conjunctivitis/Non_Conjunctivitis/630.jpg,Non_Conjunctivitis,EXCLUDED,Sub_100px_or_Corrupt,9f27a76318ba2cf9e1bc0b11366249a8,61
/kaggle/input/datasets/safone/conjunctivitis-non-conjunctivitis/Non_Conjunctivitis/631.jpg,Non_Conjunctivitis,EXCLUDED,Sub_100px_or_Corrupt,7d1124f144bf24629d3a03775622ed42,58
/kaggle/input/datasets/safone/conjunctivitis-non-conjunctivitis/Non_Conjunctivitis/632.jpg,Non_Conjunctivitis,EXCLUDED,Sub_100px_or_Corrupt,b6a36b9049688d53e19a22a7c2908eea,60
/kaggle/input/datasets/safone/conjunctivitis-non-conjunctivitis/Non_Conjunctivitis/634.jpg,Non_Conjunctivitis,EXCLUDED,Sub_100px_or_Corrupt,67d7e3bbffdc8cd6c25923e7e6ed7df6,74
/kaggle/input/datasets/safone/conjunctivitis-non-conjunctivitis/Non_Conjunctivitis/635.jpg,Non_Conjunctivitis,EXCLUDED,Sub_100px_or_Corrupt,2cb154470f980989db334494e5ab868a,72
/kaggle/input/datasets/safone/conjunctivitis-non-conjunctivitis/Non_Conjunctivitis/636.jpg,Non_Conjunctivitis,EXCLUDED,Sub_100px_or_Corrupt,fbdeb47c1b2a87c5343ec20eba4e6336,55
/kaggle/input/datasets/safone/conjunctivitis-non-conjunctivitis/Non_Conjunctivitis/637.jpg,Non_Conjunctivitis,EXCLUDED,Sub_100px_or_Corrupt,75b5f326b7b2a83a3da09dc35ad4d008,53
/kaggle/input/datasets/safone/conjunctivitis-non-conjunctivitis/Non_Conjunctivitis/638.jpg,Non_Conjunctivitis,EXCLUDED,Sub_100px_or_Corrupt,18df564b8b22f009b3aee92bdfe6b64f,52
/kaggle/input/datasets/safone/conjunctivitis-non-conjunctivitis/Non_Conjunctivitis/64.jpg,Non_Conjunctivitis,EXCLUDED,Exact_MD5_or_MD5_Label_Conflict,3818c88d43324e2a16366e794054f5df,183
/kaggle/input/datasets/safone/conjunctivitis-non-conjunctivitis/Non_Conjunctivitis/643.jpg,Non_Conjunctivitis,EXCLUDED,Sub_100px_or_Corrupt,60b85eba67dc391e44e3e663f5cfd17b,60
/kaggle/input/datasets/safone/conjunctivitis-non-conjunctivitis/Non_Conjunctivitis/644.jpg,Non_Conjunctivitis,EXCLUDED,Sub_100px_or_Corrupt,ef0bb026ba9e2578a83feb14ea3a0a14,52
/kaggle/input/datasets/safone/conjunctivitis-non-conjunctivitis/Non_Conjunctivitis/645.jpg,Non_Conjunctivitis,EXCLUDED,Sub_100px_or_Corrupt,6fca6dfe50699a11d00bc97d58015ea3,53
/kaggle/input/datasets/safone/conjunctivitis-non-conjunctivitis/Non_Conjunctivitis/647.jpg,Non_Conjunctivitis,EXCLUDED,Sub_100px_or_Corrupt,86ea1309aab6b365b7bff14a11773d11,79
/kaggle/input/datasets/safone/conjunctivitis-non-conjunctivitis/Non_Conjunctivitis/648.jpg,Non_Conjunctivitis,EXCLUDED,Sub_100px_or_Corrupt,898632443896600caffa16809ebdf9c8,54
/kaggle/input/datasets/safone/conjunctivitis-non-conjunctivitis/Non_Conjunctivitis/649.jpg,Non_Conjunctivitis,EXCLUDED,Sub_100px_or_Corrupt,5f34dcab09c32378be3bf4c8fe1c46fe,49
/kaggle/input/datasets/safone/conjunctivitis-non-conjunctivitis/Non_Conjunctivitis/65.jpg,Non_Conjunctivitis,EXCLUDED,Exact_MD5_or_MD5_Label_Conflict,aaa79a0c7e057e2d93d707454bd0907d,183
/kaggle/input/datasets/safone/conjunctivitis-non-conjunctivitis/Non_Conjunctivitis/650.jpg,Non_Conjunctivitis,EXCLUDED,Sub_100px_or_Corrupt,68c8b87da41a9c583d2b952c1bccefbe,41
/kaggle/input/datasets/safone/conjunctivitis-non-conjunctivitis/Non_Conjunctivitis/653.jpg,Non_Conjunctivitis,EXCLUDED,Sub_100px_or_Corrupt,997b53c6abc80603f806df8c0c2b7b2e,60
/kaggle/input/datasets/safone/conjunctivitis-non-conjunctivitis/Non_Conjunctivitis/654.jpg,Non_Conjunctivitis,EXCLUDED,Sub_100px_or_Corrupt,ba5923c395ba6b33d5c0a80c1d667cb7,57
/kaggle/input/datasets/safone/conjunctivitis-non-conjunctivitis/Non_Conjunctivitis/655.jpg,Non_Conjunctivitis,EXCLUDED,Sub_100px_or_Corrupt,8dc0f64b675cd6549f97286e581b8401,56
/kaggle/input/datasets/safone/conjunctivitis-non-conjunctivitis/Non_Conjunctivitis/656.jpg,Non_Conjunctivitis,EXCLUDED,Sub_100px_or_Corrupt,265d3b514075028649584c3efac285c8,46
/kaggle/input/datasets/safone/conjunctivitis-non-conjunctivitis/Non_Conjunctivitis/657.jpg,Non_Conjunctivitis,EXCLUDED,Sub_100px_or_Corrupt,ea920544507d42e10abb03e775ceafbc,57
/kaggle/input/datasets/safone/conjunctivitis-non-conjunctivitis/Non_Conjunctivitis/658.jpg,Non_Conjunctivitis,EXCLUDED,Sub_100px_or_Corrupt,f85564bad8085a73d08fdb0b31cf8bf2,65
/kaggle/input/datasets/safone/conjunctivitis-non-conjunctivitis/Non_Conjunctivitis/659.jpg,Non_Conjunctivitis,EXCLUDED,Sub_100px_or_Corrupt,17c031713869bbd37a2a9b86766db2bf,54
/kaggle/input/datasets/safone/conjunctivitis-non-conjunctivitis/Non_Conjunctivitis/66.jpg,Non_Conjunctivitis,EXCLUDED,Exact_MD5_or_MD5_Label_Conflict,8010c33d41337a0fb75a734804ba15d1,408
/kaggle/input/datasets/safone/conjunctivitis-non-conjunctivitis/Non_Conjunctivitis/660.jpg,Non_Conjunctivitis,EXCLUDED,Sub_100px_or_Corrupt,ffc4730486e618667dcf21d1d3049ac7,52
/kaggle/input/datasets/safone/conjunctivitis-non-conjunctivitis/Non_Conjunctivitis/661.jpg,Non_Conjunctivitis,EXCLUDED,Sub_100px_or_Corrupt,461f52f9242dd30c7d84073f52a8c445,68
/kaggle/input/datasets/safone/conjunctivitis-non-conjunctivitis/Non_Conjunctivitis/662.jpg,Non_Conjunctivitis,EXCLUDED,Sub_100px_or_Corrupt,2490a973f4dcc387754847605450ff3a,80
/kaggle/input/datasets/safone/conjunctivitis-non-conjunctivitis/Non_Conjunctivitis/663.jpg,Non_Conjunctivitis,EXCLUDED,Sub_100px_or_Corrupt,0bfdf52d3e692d2544a7a2005dceccfc,44
/kaggle/input/datasets/safone/conjunctivitis-non-conjunctivitis/Non_Conjunctivitis/664.jpg,Non_Conjunctivitis,EXCLUDED,Sub_100px_or_Corrupt,94f2f892687174348d52d4e314700d87,53
/kaggle/input/datasets/safone/conjunctivitis-non-conjunctivitis/Non_Conjunctivitis/665.jpg,Non_Conjunctivitis,EXCLUDED,Sub_100px_or_Corrupt,ce9c8c22aeca599b5e3ca68cc5181c77,52
/kaggle/input/datasets/safone/conjunctivitis-non-conjunctivitis/Non_Conjunctivitis/666.jpg,Non_Conjunctivitis,EXCLUDED,Sub_100px_or_Corrupt,58c87101ae62fbd5cfdd27a00038a63c,61
/kaggle/input/datasets/safone/conjunctivitis-non-conjunctivitis/Non_Conjunctivitis/667.jpg,Non_Conjunctivitis,EXCLUDED,Sub_100px_or_Corrupt,e0718ca8159d0160fffa05c22d6be2ed,70
/kaggle/input/datasets/safone/conjunctivitis-non-conjunctivitis/Non_Conjunctivitis/668.jpg,Non_Conjunctivitis,EXCLUDED,Sub_100px_or_Corrupt,c68b4057a5974b529313cbf09ba3a932,58
/kaggle/input/datasets/safone/conjunctivitis-non-conjunctivitis/Non_Conjunctivitis/669.jpg,Non_Conjunctivitis,EXCLUDED,Sub_100px_or_Corrupt,4d6165322a18dc02dcf231ba41a071d8,55
/kaggle/input/datasets/safone/conjunctivitis-non-conjunctivitis/Non_Conjunctivitis/67.jpg,Non_Conjunctivitis,EXCLUDED,Exact_MD5_or_MD5_Label_Conflict,bf1b7d1be3a80d2d902860407ac98e02,406
/kaggle/input/datasets/safone/conjunctivitis-non-conjunctivitis/Non_Conjunctivitis/671.jpg,Non_Conjunctivitis,EXCLUDED,Sub_100px_or_Corrupt,f11f32900e7deea0ce9711d1885ae42b,58
/kaggle/input/datasets/safone/conjunctivitis-non-conjunctivitis/Non_Conjunctivitis/672.jpg,Non_Conjunctivitis,EXCLUDED,Sub_100px_or_Corrupt,775cc0ba169053da67b0dfb852d07501,60
/kaggle/input/datasets/safone/conjunctivitis-non-conjunctivitis/Non_Conjunctivitis/673.jpg,Non_Conjunctivitis,EXCLUDED,Sub_100px_or_Corrupt,6d7a53c643ebeef3af3f94ee7b358f5b,51
/kaggle/input/datasets/safone/conjunctivitis-non-conjunctivitis/Non_Conjunctivitis/679.jpg,Non_Conjunctivitis,EXCLUDED,Sub_100px_or_Corrupt,e662392cb312e423ab9b9ef62f3b2869,60
/kaggle/input/datasets/safone/conjunctivitis-non-conjunctivitis/Non_Conjunctivitis/68.jpg,Non_Conjunctivitis,EXCLUDED,Exact_MD5_or_MD5_Label_Conflict,488be0ff4b8572e418e07772e97f5956,423
/kaggle/input/datasets/safone/conjunctivitis-non-conjunctivitis/Non_Conjunctivitis/682.jpg,Non_Conjunctivitis,EXCLUDED,Sub_100px_or_Corrupt,9332be1981387684d3e64a958f6427d7,57
/kaggle/input/datasets/safone/conjunctivitis-non-conjunctivitis/Non_Conjunctivitis/683.jpg,Non_Conjunctivitis,EXCLUDED,Sub_100px_or_Corrupt,f5fdc310c35349f0e5715b960806d049,58
/kaggle/input/datasets/safone/conjunctivitis-non-conjunctivitis/Non_Conjunctivitis/684.jpg,Non_Conjunctivitis,EXCLUDED,Sub_100px_or_Corrupt,4cecd7a66635db9f604e10ef09273041,61
/kaggle/input/datasets/safone/conjunctivitis-non-conjunctivitis/Non_Conjunctivitis/685.jpg,Non_Conjunctivitis,EXCLUDED,Sub_100px_or_Corrupt,4049c094ca0509febbfc1dbec9a26db6,58
/kaggle/input/datasets/safone/conjunctivitis-non-conjunctivitis/Non_Conjunctivitis/687.jpg,Non_Conjunctivitis,EXCLUDED,Sub_100px_or_Corrupt,d625e0c7f6e7c1d53eda29529e146e7f,65
/kaggle/input/datasets/safone/conjunctivitis-non-conjunctivitis/Non_Conjunctivitis/689.jpg,Non_Conjunctivitis,EXCLUDED,Sub_100px_or_Corrupt,d073c47ddedd3274d4c8a52620186b8b,55
/kaggle/input/datasets/safone/conjunctivitis-non-conjunctivitis/Non_Conjunctivitis/69.jpg,Non_Conjunctivitis,EXCLUDED,Exact_MD5_or_MD5_Label_Conflict,26be49efd05b8c0dbfffa101af1bd1dc,558
/kaggle/input/datasets/safone/conjunctivitis-non-conjunctivitis/Non_Conjunctivitis/693.jpg,Non_Conjunctivitis,EXCLUDED,Sub_100px_or_Corrupt,7e879b286eb846830e74836de4c2ab22,51
/kaggle/input/datasets/safone/conjunctivitis-non-conjunctivitis/Non_Conjunctivitis/694.jpg,Non_Conjunctivitis,EXCLUDED,Sub_100px_or_Corrupt,90fa2aab01561b9a5adb1ba2251be58d,53
/kaggle/input/datasets/safone/conjunctivitis-non-conjunctivitis/Non_Conjunctivitis/695.jpg,Non_Conjunctivitis,EXCLUDED,Sub_100px_or_Corrupt,e5c4aa0a7a1e6ed286b5e3463718dd58,61
/kaggle/input/datasets/safone/conjunctivitis-non-conjunctivitis/Non_Conjunctivitis/697.jpg,Non_Conjunctivitis,EXCLUDED,Sub_100px_or_Corrupt,60f729942bceeda412f58d7170798ad8,57
/kaggle/input/datasets/safone/conjunctivitis-non-conjunctivitis/Non_Conjunctivitis/698.jpg,Non_Conjunctivitis,EXCLUDED,Sub_100px_or_Corrupt,e57d02400f1304a4d680576cab65b181,56
/kaggle/input/datasets/safone/conjunctivitis-non-conjunctivitis/Non_Conjunctivitis/699.jpg,Non_Conjunctivitis,EXCLUDED,Sub_100px_or_Corrupt,1973313381ecb1dcf9e9df47f0bad658,51
/kaggle/input/datasets/safone/conjunctivitis-non-conjunctivitis/Non_Conjunctivitis/7.jpg,Non_Conjunctivitis,EXCLUDED,Exact_MD5_or_MD5_Label_Conflict,1619165edc44a19c52eeacf6d08360de,225
/kaggle/input/datasets/safone/conjunctivitis-non-conjunctivitis/Non_Conjunctivitis/70.jpg,Non_Conjunctivitis,EXCLUDED,Exact_MD5_or_MD5_Label_Conflict,8be5b90342f58f2046627b8f358bd5d7,183
/kaggle/input/datasets/safone/conjunctivitis-non-conjunctivitis/Non_Conjunctivitis/700.jpg,Non_Conjunctivitis,EXCLUDED,Sub_100px_or_Corrupt,6a8e3bd38cea3c83a166df52c08d623e,58
/kaggle/input/datasets/safone/conjunctivitis-non-conjunctivitis/Non_Conjunctivitis/71.jpg,Non_Conjunctivitis,EXCLUDED,Exact_MD5_or_MD5_Label_Conflict,2c7d2a5de08a65ea46a569f267cfd3b6,183
/kaggle/input/datasets/safone/conjunctivitis-non-conjunctivitis/Non_Conjunctivitis/72.jpg,Non_Conjunctivitis,EXCLUDED,Exact_MD5_or_MD5_Label_Conflict,fe73651b338c822ccafce39eff56b972,139
/kaggle/input/datasets/safone/conjunctivitis-non-conjunctivitis/Non_Conjunctivitis/73.jpg,Non_Conjunctivitis,EXCLUDED,Exact_MD5_or_MD5_Label_Conflict,49b8ee77febe91cfd45461d9b330d402,300
/kaggle/input/datasets/safone/conjunctivitis-non-conjunctivitis/Non_Conjunctivitis/74.jpg,Non_Conjunctivitis,EXCLUDED,Exact_MD5_or_MD5_Label_Conflict,3cd46c66ac28aa95433b20ff3c7e3df8,659
/kaggle/input/datasets/safone/conjunctivitis-non-conjunctivitis/Non_Conjunctivitis/75.jpg,Non_Conjunctivitis,EXCLUDED,Exact_MD5_or_MD5_Label_Conflict,4af4033cba8f1dd78b33b2bed849dc2f,183
/kaggle/input/datasets/safone/conjunctivitis-non-conjunctivitis/Non_Conjunctivitis/76.jpg,Non_Conjunctivitis,EXCLUDED,Exact_MD5_or_MD5_Label_Conflict,669c38ebc3327646f71d7972d662e0bb,173
/kaggle/input/datasets/safone/conjunctivitis-non-conjunctivitis/Non_Conjunctivitis/77.jpg,Non_Conjunctivitis,EXCLUDED,Exact_MD5_or_MD5_Label_Conflict,10ba5bd31e1bbb15ac22bdf657c9c4bf,187
/kaggle/input/datasets/safone/conjunctivitis-non-conjunctivitis/Non_Conjunctivitis/78.jpg,Non_Conjunctivitis,EXCLUDED,Exact_MD5_or_MD5_Label_Conflict,3a785e2a7f765fedaa9f0494ed7b1943,225
/kaggle/input/datasets/safone/conjunctivitis-non-conjunctivitis/Non_Conjunctivitis/79.jpg,Non_Conjunctivitis,EXCLUDED,Exact_MD5_or_MD5_Label_Conflict,b239c29cff1ccf4f1853ff9fc5f8c6b2,640
/kaggle/input/datasets/safone/conjunctivitis-non-conjunctivitis/Non_Conjunctivitis/8.jpg,Non_Conjunctivitis,EXCLUDED,Exact_MD5_or_MD5_Label_Conflict,7d0d5ce3498c46a1b98f053b954ecedf,640
/kaggle/input/datasets/safone/conjunctivitis-non-conjunctivitis/Non_Conjunctivitis/80.jpg,Non_Conjunctivitis,EXCLUDED,Exact_MD5_or_MD5_Label_Conflict,97e435fa1214f605a289b2396599a686,772
/kaggle/input/datasets/safone/conjunctivitis-non-conjunctivitis/Non_Conjunctivitis/81.jpg,Non_Conjunctivitis,EXCLUDED,Exact_MD5_or_MD5_Label_Conflict,fb70d159afbf420f75ee18b508655baa,480
/kaggle/input/datasets/safone/conjunctivitis-non-conjunctivitis/Non_Conjunctivitis/82.jpg,Non_Conjunctivitis,EXCLUDED,Exact_MD5_or_MD5_Label_Conflict,28aa6d3ae49351f9b42dcee3e5d0d2d2,630
/kaggle/input/datasets/safone/conjunctivitis-non-conjunctivitis/Non_Conjunctivitis/83.jpg,Non_Conjunctivitis,EXCLUDED,Exact_MD5_or_MD5_Label_Conflict,64e6620b9470c8d62a9ad4d821f81538,849
/kaggle/input/datasets/safone/conjunctivitis-non-conjunctivitis/Non_Conjunctivitis/84.jpg,Non_Conjunctivitis,EXCLUDED,Exact_MD5_or_MD5_Label_Conflict,25e652fdb329d4579870c7dbe3810bf5,500
/kaggle/input/datasets/safone/conjunctivitis-non-conjunctivitis/Non_Conjunctivitis/85.jpg,Non_Conjunctivitis,EXCLUDED,Exact_MD5_or_MD5_Label_Conflict,29834c8b23fdeee16984a103b6d0c298,590
/kaggle/input/datasets/safone/conjunctivitis-non-conjunctivitis/Non_Conjunctivitis/86.jpg,Non_Conjunctivitis,EXCLUDED,Exact_MD5_or_MD5_Label_Conflict,cd98c7a48b8592fad1ccfdc257981c1b,817
/kaggle/input/datasets/safone/conjunctivitis-non-conjunctivitis/Non_Conjunctivitis/87.jpg,Non_Conjunctivitis,EXCLUDED,Exact_MD5_or_MD5_Label_Conflict,4a02b7502c5b9e1cf5b487e3b785d13e,1107
/kaggle/input/datasets/safone/conjunctivitis-non-conjunctivitis/Non_Conjunctivitis/88.jpg,Non_Conjunctivitis,EXCLUDED,Exact_MD5_or_MD5_Label_Conflict,8f8c054748f60f4b030296b2c7db6d5f,667
/kaggle/input/datasets/safone/conjunctivitis-non-conjunctivitis/Non_Conjunctivitis/89.jpg,Non_Conjunctivitis,EXCLUDED,Exact_MD5_or_MD5_Label_Conflict,543964a6463ae258ff730fea7a791809,320
/kaggle/input/datasets/safone/conjunctivitis-non-conjunctivitis/Non_Conjunctivitis/9.jpg,Non_Conjunctivitis,EXCLUDED,Exact_MD5_or_MD5_Label_Conflict,d25c162126b7139f6d6f494e76a43dc8,659
/kaggle/input/datasets/safone/conjunctivitis-non-conjunctivitis/Non_Conjunctivitis/90.jpg,Non_Conjunctivitis,EXCLUDED,Exact_MD5_or_MD5_Label_Conflict,4ea8434c76aadb6fc61d15de26c498f1,800
/kaggle/input/datasets/safone/conjunctivitis-non-conjunctivitis/Non_Conjunctivitis/91.jpg,Non_Conjunctivitis,EXCLUDED,Exact_MD5_or_MD5_Label_Conflict,be055d4857df135d5d32b70ae34394f2,198
/kaggle/input/datasets/safone/conjunctivitis-non-conjunctivitis/Non_Conjunctivitis/92.jpg,Non_Conjunctivitis,EXCLUDED,Exact_MD5_or_MD5_Label_Conflict,c07422b62ad227d9df341cf896891e5f,225
/kaggle/input/datasets/safone/conjunctivitis-non-conjunctivitis/Non_Conjunctivitis/93.jpg,Non_Conjunctivitis,EXCLUDED,Exact_MD5_or_MD5_Label_Conflict,2a1bf957d43e79a7087d6e00bb64434f,446
/kaggle/input/datasets/safone/conjunctivitis-non-conjunctivitis/Non_Conjunctivitis/94.jpg,Non_Conjunctivitis,EXCLUDED,Exact_MD5_or_MD5_Label_Conflict,ccc10628ca2ec870beac04b790e8aa99,772
/kaggle/input/datasets/safone/conjunctivitis-non-conjunctivitis/Non_Conjunctivitis/95.jpg,Non_Conjunctivitis,EXCLUDED,Exact_MD5_or_MD5_Label_Conflict,8aea011024a61fe60cf3070e2c5af81b,279
/kaggle/input/datasets/safone/conjunctivitis-non-conjunctivitis/Non_Conjunctivitis/96.jpg,Non_Conjunctivitis,EXCLUDED,Exact_MD5_or_MD5_Label_Conflict,8be5b90342f58f2046627b8f358bd5d7,183
/kaggle/input/datasets/safone/conjunctivitis-non-conjunctivitis/Non_Conjunctivitis/97.jpg,Non_Conjunctivitis,EXCLUDED,Exact_MD5_or_MD5_Label_Conflict,be92736fc47774bc25cf0cdd92c6da99,194
/kaggle/input/datasets/safone/conjunctivitis-non-conjunctivitis/Non_Conjunctivitis/98.jpg,Non_Conjunctivitis,EXCLUDED,Exact_MD5_or_MD5_Label_Conflict,0138c89a5795e0175a14f2836a1fd57f,183
/kaggle/input/datasets/safone/conjunctivitis-non-conjunctivitis/Non_Conjunctivitis/99.jpg,Non_Conjunctivitis,EXCLUDED,Exact_MD5_or_MD5_Label_Conflict,cea59ce1e60d3ecff9ce8182f35db5bd,183
